order_id,order_dt,ship_dt,cust_id,cust_name,cust_email,cust_seg_cd,prod_sku,prod_cat,qty,unit_price,disc_pct,line_total,currency,chnl,pmt_method,ord_status,ship_country,ship_region,ship_postal,csat_score,svc_notes
ORD-50276,"Mar 24, 2024",2024-03-22,CUST-10164,Ines Laurent,INES.LAURENT@EXAMPLE.COM,A2,SKU-1751,HOME & KITCHEN,4,46.6,5%,186.4,cad,WEB,Gift Card,Returned,canada,ontario,V9A 3E2,4,"Order placed in store but shipped to home, tracking confusion."
ORD-50647,"Jul 07, 2024",2024-07-09,CUST-10311,Hugo Novak,hugo.novak@example.com,C3,SKU-1216,ELECTRONICS,250,45.54,0.0,14535.39,USD,store,debit_card,pending,us,TX,72755,,"Customer says price was lower yesterday, asked for price match."
ORD-50062,30-09-2024,2024-10-01,CUST-10105,Leila Haddad,lhaddad@testmail.org,C1,SKU-1887,Grocery,2,114.75,20 %,229.5,USD,WEB,debit_card,COMPLETED,U.S.,california,52217,,Asked to split delivery across two addresses - not supported.
ORD-50660,2025-02-09,2025-02-12,CUST-10106,Aisha Johnson,aisha.johnson@example.com,B1,SKU-1582,Pet Supplies,1,24.78,,24.78,USD,marketplace,credit_card,COMPLETED,United States,NJ,95697,2,Third return this quarter from this customer.
ORD-50661,2025-01-10,2025-01-13,CUST-10146,Aisha Johnson,aisha95@mailinator.com,,SKU-1769, Home & Kitchen ,1,9.59,20 %,9.59,USD,WEB,debit_card,shipped,US,TX,27495,5,"Duplicate order - customer clicked submit twice, refunded one."
ORD-51001,2025-02-04,2025-02-05,CUST-10307,Sofia Johnson,sjohnson@testmail.org,C3,SKU-1090,Apparel ,4,120.02,5%,480.08,CAD,store,apple_pay,completed,CAN,ON,M1H 7C7,5,"Order placed in store but shipped to home, tracking confusion."
ORD-50468,2025-01-31,2025-02-02,CUST-10115,,grace.muller@example.com,X9,SKU-1563,Beauty,1,26.16,0,26.16,USD,web,debit_card,shipped,USA,NJ,86380,4,Payment declined twice before going through.
ORD-50389,12/18/2024,2024-12-20,CUST-10104,Yuki Moreno,yuki78@mailinator.com,,SKU-1723,Beauty,3,20.73,0,62.19,USD,store,CC,cancelled,U.S.,NY,27501,4,"Sizing runs small per customer, exchanged for larger size."
ORD-50820,2024-04-27,2024-04-29,CUST-10323,Elena Laurent,ELENA.LAURENT@EXAMPLE.COM,A2,SKU-1414,Outdoors,2,823.9,20 %,1647.8,,Mobile App,Credit Card,shipped,U.S.,california,49302,,Third return this quarter from this customer.
ORD-51053,06/10/2025,2025-06-19,CUST-10310,Fatima Laurent,FATIMA.LAURENT@EXAMPLE.COM,B1,SKU-1524, Electronics,1,88.26,5%,88.26,USD,store,,Pending,United States,CA,19332,5,Asked to split delivery across two addresses - not supported.
ORD-50986,01/14/2024,2024-01-16,CUST-10117,Ethan Costa,ethan20@mailinator.com,A1,SKU-1436,Groceries,1,129.81,,129.81,USD,Mobile App,paypal,canceled,us,Texas,87911,3,"Duplicate order - customer clicked submit twice, refunded one."
ORD-50805,12/06/2024,2024-12-11,CUST-10152,Elena Iyer,elena81@mailinator.com,C1,SKU-1764,GROCERY,1,24.06,0,24.06,USD,marketplace,credit_card,Returned,USA,NY,66788,5,"Asked about warranty length, unclear on product page."
ORD-51141,2025-01-16,2025-01-17,CUST-10270,Sofia Johnson,SOFIA.JOHNSON@EXAMPLE.COM,A2,SKU-1213,Home & Kitchen,2,45.71,0,91.42,USD,store,paypal,Returned,us,Texas,75083,3,Asked to split delivery across two addresses - not supported.
ORD-50066,2025-02-25,2025-02-26,CUST-10073,Elena Fitzgerald,ELENA.FITZGERALD@EXAMPLE.COM,X9,SKU-1359,Home and Kitchen,2,257.49,,514.98,USD,WEB,debit_card,Shipped,USA,new york,94491,2,"Order placed in store but shipped to home, tracking confusion."
ORD-50553,04/20/2024,2024-04-25,CUST-10048,Noah Nakamura,nnakamura@testmail.org,A1,SKU-1853,BEAUTY,1,9.46,10%,9.46,CAD,In-Store,apple_pay,returned,Canada,QC,L2H 4C9,,Product missing accessory listed on the page.
ORD-50808,1741735020,2025-03-14,CUST-10272,Hugo Alvarez,HUGO.ALVAREZ@EXAMPLE.COM,B1,SKU-1859,Beauty & Personal Care,1,49.1,0.15,49.1,CAD,in store,PayPal,Pending,Canada,QC,P5A 7B4,5,"Customer says price was lower yesterday, asked for price match."
ORD-50812,06-06-2025,2025-06-08,CUST-10236,Leila Sharma,LEILA.SHARMA@EXAMPLE.COM,,SKU-1420,Outdoor,1,13.98,0.0,13.98,USD,WEB,credit_card,pending,us,PA,72781,4,"Duplicate order - customer clicked submit twice, refunded one."
ORD-50633,2024-08-17,2024-08-18,CUST-10029,Zara Nakamura,ZARA.NAKAMURA@EXAMPLE.COM,A2,SKU-1480,Electronic,1,88.23,0,88.23,USD,web,CC,Returned,us,CA,79584,3,"Customer called twice about delayed shipment, agent waived shipping fee."
ORD-50074,07/31/2024,2024-08-09,CUST-10069,Liang Dubois,ldubois@testmail.org,A1,SKU-1220,Grocery,1,19.79,0,19.79,USD,Web,debit_card,cancelled,US,NJ,61936,4,Return window question - purchased as holiday gift.
ORD-50578,2024-05-01,2024-04-29,CUST-10291,Chloe Doyle,chloe77@mailinator.com,B1,SKU-1217,Outdoors,1,249.82,5%,249.82,,Web,CC,completed,CA,AB,L8A 7A6,5,Third return this quarter from this customer.
ORD-50368,2025-06-17 10:12:00,2025-06-20,CUST-10171,,tomas.petrova@example.com,A1,SKU-1251, Electronics,2,124.13,,248.26,CAD,mobile_app,,shipped,Canada,ON,M8B 8J3,5,Return window question - purchased as holiday gift.
ORD-50088,2024-07-22 08:23:00,2024-07-24,CUST-10268,Aisha Laurent,,C3,SKU-1500,Outdoor,1,25.62,10%,34.56,USD,In-Store,apple_pay,returned,canada,ON,M6B 5H2,4,Asked to split delivery across two addresses - not supported.
ORD-50593,"Jan 23, 2024",2024-01-24,CUST-10208,Ethan Weber,ETHAN.WEBER@EXAMPLE.COM,A2,SKU-1439,HOME & KITCHEN,1,21.81,0,21.81,CAD,mobile_app,Debit,Shipped,CA,ontario,K7E 2E8,,Wants to know if this is compatible with the 2023 model.
ORD-50701,06/05/2025,2025-06-08,CUST-10279,Ethan Singh,ETHAN.SINGH@EXAMPLE.COM,C3,SKU-1813,home & kitchen,2,21.64,5%,43.28,CAD,store,apple_pay,completed,canada,AB,N8E 5H1,5,"Address correction after dispatch, carrier redirect fee applied."
ORD-50418,2024-03-27 20:41:00,2024-04-05,CUST-10051,Maya Novak,maya99@mailinator.com,C3,SKU-1046,ELECTRONICS,10,14.31,0,143.1,US$,marketplace,credit_card,COMPLETED,U.S.,FL,77976,3,Third return this quarter from this customer.
ORD-50711,2025-02-18 22:18:00,2025-02-23,CUST-10054,Grace Nakamura,grace70@mailinator.com,X9,SKU-1129,Outdoor,1,121.95,,121.95,USD,web,credit_card,returned,USA,Texas,78880,4,"Very happy with the product, left 5 star review."
ORD-50729,2025-01-10 11:29:00,2025-01-12,CUST-10286,Ines Nakamura,INES.NAKAMURA@EXAMPLE.COM,C1,SKU-1198,Grocery,5,9.35,0,46.75,USD,store,CC,COMPLETED,US,new york,25930,4,Item arrived damaged - box crushed. Replacement sent no charge.
ORD-50475,05/28/2024,2024-06-02,CUST-10129,Amara Bergman,amara34@mailinator.com,B2,SKU-1844,APPAREL,5,892.99,0,4464.95,USD,store,Credit Card,returned,USA,NY,81302,2,"Requested gift wrap, was not applied. Customer upset."
ORD-51065,03/21/2025,2025-03-24,CUST-10312,Owen Laurent,olaurent@testmail.org,X9,SKU-1917,Clothing,0,23.6,0,0.0,USD,Web,CC,Shipped,US,california,79204,4,Return window question - purchased as holiday gift.
ORD-50303,2025-01-28 00:07:00,2025-02-02,CUST-10232,Noah Ferreira,nferreira@testmail.org,A2,SKU-1274,PET SUPPLIES,1,111.29,10%,111.29,USD,web,credit_card,Completed,US,PA,81089,5,"Sizing runs small per customer, exchanged for larger size."
ORD-50882,2024-07-03,2024-07-08,CUST-10158,Liang Novak,liang.novak@example.com,,SKU-1427,Grocery,1,985.74,0,985.74,CAD,store,PayPal,COMPLETED,Canada,QC,P1G 2B3,5,Product missing accessory listed on the page.
ORD-50040,2025-03-06,2025-03-15,CUST-10277,Hugo Diallo,HUGO.DIALLO@EXAMPLE.COM,B1,SKU-1669,Home & Kitchen,0,80.66,,0.0,USD,in store,PayPal,returned,USA,Texas,26691,5,"Customer says price was lower yesterday, asked for price match."
ORD-50509,"Mar 03, 2025",2025-03-06,CUST-10233,Owen Silva,osilva@testmail.org,C1,SKU-1307,HOME & KITCHEN,1,61.06,,61.06,usd,mobile_app,,Returned,US,GA,43310,4,"Customer called twice about delayed shipment, agent waived shipping fee."
ORD-50884,04/16/2024,2024-04-18,CUST-10157,Felix Nasser,FELIX.NASSER@EXAMPLE.COM,B1,SKU-1673,Apparel ,2,97.88,,255.48,USD,mobile_app,PayPal,shipped,U.S.,new york,66681,5,Payment declined twice before going through.
ORD-50606,18-11-2024,2024-11-23,CUST-10318,Lucas Iyer,lucas19@mailinator.com,C1,SKU-1385,OUTDOOR,0,120.35,0,0.0,,marketplace,Gift Card,Pending,CA,MB,N5B 5B4,,
ORD-50267,05/17/2024,2024-05-22,CUST-10077,Mateo Iyer,MATEO.IYER@EXAMPLE.COM,C1,SKU-1768,,2,26.03,5%,52.06,usd,mobile app,paypal,shipped,United States,california,36976,5,"Customer says price was lower yesterday, asked for price match."
ORD-50150,05/28/2024,2024-05-29,CUST-10297,Lucas Haddad,LUCAS.HADDAD@EXAMPLE.COM,B1,SKU-1325,outdoor,4,33.98,0,135.92,US$,web,paypal,Cancelled,USA,WA,63903,4,
ORD-50112,2024-09-15,2024-09-20,CUST-10156,Maya Iyer,maya29@mailinator.com,,SKU-1660,APPAREL,1,962.19,,1075.46,CAD,Web,Debit,Completed,CAN,AB,L8C 6B4,3,"Asked about warranty length, unclear on product page."
ORD-50374,2024-01-18,2024-01-20,CUST-10149,Jonas Moreno,jonas29@mailinator.com,A1,SKU-1406,Beauty,1,60.72,5%,60.72,USD,In-Store,apple_pay,Completed,us,NJ,94255,4,"Duplicate order - customer clicked submit twice, refunded one."
ORD-50259,2025-05-15,2025-05-24,CUST-10168,Priya Sharma,PRIYA.SHARMA@EXAMPLE.COM,A2,SKU-1465,OUTDOOR,2,30.09,0.0,60.18,USD,WEB,paypal,Cancelled,CAN,ON,N3A 3G7,4,Wants to know if this is compatible with the 2023 model.
ORD-50398,06/11/2024,2024-06-13,CUST-10192,Owen Sharma,owen.sharma@example.com,C3,SKU-1645,outdoor,1,13.33,0,13.33,CAD,Marketplace,,cancelled,CA,MB,P9G 7B7,4,"Very happy with the product, left 5 star review."
ORD-50053,2024-12-03,2024-12-08,CUST-10315,Elena Alvarez,ealvarez@testmail.org,B2,SKU-1490,Apparel ,1,29.52,10%,29.52,usd,mobile app,Debit,Pending,us,WA,92955,4,"Called to cancel, was already shipped. Return label sent."
ORD-50076,04/01/2025,2025-04-04,CUST-10221,Elena Weber,elena.weber@example.com,,SKU-1062,Groceries,2,62.19,10%,124.38,CAD,store,debit_card,pending,CAN,BC,P4H 9J1,n/a,Payment declined twice before going through.
ORD-50625,2024-03-01,2024-03-03,CUST-10017,Sofia Lindqvist,sofia.lindqvist@example.com,,SKU-1512, Home & Kitchen ,-1,272.02,0,-272.02,CAD,mobile_app,,shipped,CA,ontario,P5C 6J4,1,Asked to split delivery across two addresses - not supported.
ORD-50453,2025-03-03 05:23:00,2025-03-04,CUST-10100,Ethan Weber,ethan.weber@example.com,,SKU-1326,Pet supplies,1,14.08,0,18.48,USD,mobile_app,Debit,Shipped,United States,NY,68842,n/a,"Sizing runs small per customer, exchanged for larger size."
ORD-50293,2024-07-05,,CUST-10210,Fatima Lindqvist,fatima.lindqvist@example.com,X9,SKU-1005, Home & Kitchen ,1,854.07,10%,854.07,USD,mobile_app,Credit Card,shipped,U.S.,IL,47342,2,Asked to split delivery across two addresses - not supported.
ORD-50587,26-03-2024,2024-03-31,CUST-10276,Fatima Bergman,FATIMA.BERGMAN@EXAMPLE.COM,,SKU-1922,grocery,1,54.65,5%,54.65,CAD,In-Store,credit_card,Pending,CA,MB,P9H 5H9,1,Wants to know if this is compatible with the 2023 model.
ORD-50940,2024-06-26,2024-06-29,CUST-10021,Ethan Laurent,ethan22@mailinator.com,B2,SKU-1781,Pet Supplies,0,109.56,,0.0,CAD,Web,CC,Completed,canada,AB,P6B 8B5,2,Wants to know if this is compatible with the 2023 model.
ORD-50499,2024-10-09,2024-10-11,CUST-10193,Nina Doyle,ndoyle@testmail.org,X9,SKU-1818, Electronics,3,857.13,20 %,2571.39,CAD,in store,apple_pay,Shipped,CAN,QC,L1A 3J1,4,Third return this quarter from this customer.
ORD-50305,"Apr 22, 2024",2024-04-23,CUST-10335,Ines Ahmed,ines37@mailinator.com,A2,SKU-1917,electronics,5,878.28,0,4391.4,USD,store,Gift Card,cancelled,US,GA,88592,3,Product missing accessory listed on the page.
ORD-50319,2024-01-17,2024-01-22,CUST-10307,Sofia Johnson,sjohnson@testmail.org,X9,SKU-1420,beauty,1,26.26,0,26.26,usd,store,Gift Card,cancelled,US,MA,24860,,"Very happy with the product, left 5 star review."
ORD-50420,2024-01-16,2024-01-18,CUST-10240,Noah Ferreira,NOAH.FERREIRA@EXAMPLE.COM,X9,SKU-1876,home & kitchen,5,10.07,0,50.35,USD,marketplace,,completed,us,TX,50819,4,"Loyalty points not applied at checkout, manual credit issued."
ORD-50897,18-01-2025,2025-01-27,CUST-10102,Kai Muller,kai14@mailinator.com,B1,SKU-1771,Apparel ,1,15.94,0,15.94,USD,in store,Credit Card,returned,CA,NS,V8E 3A1,4,"Customer says price was lower yesterday, asked for price match."
ORD-51110,2024-12-26,2025-01-04,CUST-10000,Camille Bergman,cbergman@testmail.org,X9,SKU-1233,Clothing,1,30.44,0.0,30.44,USD,mobile app,apple_pay,Shipped,USA,TX,10946,3,"Called to cancel, was already shipped. Return label sent."
ORD-50707,"Jan 04, 2025",2025-01-07,CUST-10077,Mateo Iyer,MATEO.IYER@EXAMPLE.COM,A1,SKU-1061,Grocery,1,47.51,0,47.51,CAD,mobile app,apple_pay,completed,canada,BC,K8B 8A4,5,Item arrived damaged - box crushed. Replacement sent no charge.
ORD-50785,2025-03-07,2025-03-09,CUST-10100,Ethan Weber,ethan.weber@example.com,X9,SKU-1944,,3,32.03,,96.09,CAD,web,CC,Pending,Canada,AB,N2H 9C1,3,Third return this quarter from this customer.
ORD-50394,2024-03-19,2024-03-22,CUST-10220,Leila Johnson,LEILA.JOHNSON@EXAMPLE.COM,A2,SKU-1345,ELECTRONICS,-1,237.2,0.15,-237.2,USD,store,PayPal,completed,us,PA,34108,10,"Loyalty points not applied at checkout, manual credit issued."
ORD-50843,2024-06-04,2024-06-05,CUST-10154,Chloe Fitzgerald,chloe.fitzgerald@example.com,C3,SKU-1052,Outdoor,2,55.46,10%,110.92,USD,Marketplace,CC,Cancelled,U.S.,TX,18707,4,"Loyalty points not applied at checkout, manual credit issued."
ORD-50671,2024-03-06,2024-03-07,CUST-10054,Grace Nakamura,grace70@mailinator.com,C1,SKU-1523,Clothing,1,9.08,20 %,27.24,usd,mobile app,Gift Card,Cancelled,USA,california,67074,5,"Order placed in store but shipped to home, tracking confusion."
ORD-50934,2025-05-28 18:37:00,2025-06-02,CUST-10035,Priya Laurent,PRIYA.LAURENT@EXAMPLE.COM,C3,SKU-1514,home & kitchen,3,274.47,-5,823.41,USD,Mobile App,PayPal,Cancelled,United States,CA,20027,4,Return window question - purchased as holiday gift.
ORD-50382,"Jan 13, 2025",2025-01-14,CUST-10241,Marcus Rossi,marcus.rossi@example.com,X9,SKU-1854,OUTDOOR,2,93.45,0.15,186.9,USD,Marketplace,credit_card,cancelled,us,Texas,22776,,"Loyalty points not applied at checkout, manual credit issued."
ORD-51082,2024-04-20 21:36:00,2024-04-21,CUST-10330,Owen Dubois,odubois@testmail.org,X9,SKU-1987,Outdoor,2,883.21,0,1766.42,USD,mobile_app,Credit Card,canceled,USA,FL,29871,3,Product missing accessory listed on the page.
ORD-50989,2025-04-23,2025-04-25,CUST-10009,Priya Doyle,pdoyle@testmail.org,B2,SKU-1709,Groceries,1,85.49,0,85.49,USD,marketplace,gift_card,pending,U.S.,TX,68921,3,
ORD-50097,02-04-2024,2024-04-03,CUST-10106,Aisha Johnson,aisha.johnson@example.com,C1,SKU-1270,PET SUPPLIES,1,9.02,0,9.02,CAD,WEB,credit_card,Shipped,CA,Quebec,M6E 2A1,1,"Duplicate order - customer clicked submit twice, refunded one."
ORD-50933,"Jan 09, 2025",2025-01-18,CUST-10259,Ethan Costa,ecosta@testmail.org,A1,SKU-1646,apparel,3,31.72,,95.16,USD,web,credit_card,Shipped,U.S.,new york,71133,1,"Called to cancel, was already shipped. Return label sent."
ORD-50675,"Jul 02, 2024",2024-07-11,CUST-10082,,priya38@mailinator.com,B1,SKU-1947,Outdoors,1,56.25,5%,56.25,CAD,WEB,,Returned,Canada,ON,P1A 8E9,5,"Address correction after dispatch, carrier redirect fee applied."
ORD-50272,2025-03-13,,CUST-10329,Chloe Lindqvist,chloe.lindqvist@example.com,X9,SKU-1770,PET SUPPLIES,1,273.7,10%,273.7,CAD,Web,Credit Card,pending,CAN,ontario,P6J 3C4,,Asked to split delivery across two addresses - not supported.
ORD-50564,05/04/2024,2024-05-07,CUST-10076,Sofia Nakamura,sofia97@mailinator.com,A1,SKU-1278,Pet Supplies,1,13.15,10%,13.15,USD,in store,Gift Card,returned,United States,WA,55654,4,"Duplicate order - customer clicked submit twice, refunded one."
ORD-50331,17-03-2024,2024-03-22,CUST-10188,Andre Novak,anovak@testmail.org,,SKU-1122,Grocery,10,9.51,0.0,95.1,,marketplace,PayPal,pending,US,NY,68560,5,Wants sustainable packaging option in future.
ORD-50119,2024-02-09 17:32:00,2024-02-10,CUST-10008,Leila Iyer,liyer@testmail.org,A1,SKU-1918,Clothing,4,124.42,10%,497.68,USD,store,Gift Card,Cancelled,us,CA,58546,,Wants sustainable packaging option in future.
ORD-50164,2024-09-21,2024-09-30,CUST-10239,Mateo Chen,MATEO.CHEN@EXAMPLE.COM,,SKU-1030, Home & Kitchen ,1,936.8,0,936.8,USD,In-Store,gift_card,COMPLETED,USA,FL,46996,5,"Asked about warranty length, unclear on product page."
ORD-50758,2024-02-21 09:31:00,2024-02-24,CUST-10302,Chloe Muller,chloe84@mailinator.com,C1,SKU-1282,Outdoor,4,10.15,0.15,40.6,CAD,store,Credit Card,returned,CA,MB,N6E 5E8,3,Asked to split delivery across two addresses - not supported.
ORD-51137,2024-08-03,2024-08-04,CUST-10111,Noah Rossi,noah89@mailinator.com,,SKU-1014,Beauty & Personal Care,-1,24.07,,-24.07,usd,Web,Debit,Pending,U.S.,PA,78860,3,Asked to split delivery across two addresses - not supported.
ORD-50959,12/07/2024,2024-12-16,CUST-10057,Noah Fitzgerald,noah.fitzgerald@example.com,A2,SKU-1838,electronics,1,88.41,0.15,88.41,USD,in store,gift_card,COMPLETED,US,CA,32668,4,Payment declined twice before going through.
ORD-50437,31-01-2025,2025-02-01,CUST-10091,Kai Tanaka,ktanaka@testmail.org,X9,SKU-1900,grocery,1,93.07,0,93.07,USD,Mobile App,PayPal,shipped,US,WA,39706,4,
ORD-51051,17-07-2024,2024-07-19,CUST-10286,Ines Nakamura,INES.NAKAMURA@EXAMPLE.COM,B1,SKU-1431, Electronics,3,129.34,10%,388.02,USD,Mobile App,Debit,Cancelled,us,TX,64930,4,"Called to cancel, was already shipped. Return label sent."
ORD-50362,10/02/2024,2024-10-11,CUST-10214,Mateo Johnson,mjohnson@testmail.org,B2,SKU-1466,Outdoor,4,127.16,0,508.64,USD,mobile_app,gift_card,Pending,us,NJ,63729,4,Payment declined twice before going through.
ORD-50549,01/19/2025,2025-01-20,CUST-10257,Camille Sharma,camille35@mailinator.com,C3,SKU-1055,Apparel,1,25.51,0,25.51,,Marketplace,Gift Card,shipped,US,NY,86344,10,
ORD-50218,2025-05-18 04:35:00,2025-05-21,CUST-10220,Leila Johnson,LEILA.JOHNSON@EXAMPLE.COM,B2,SKU-1187,ELECTRONICS,2,32.86,0.15,65.72,USD,In-Store,PayPal,Completed,USA,MA,74868,2,Payment declined twice before going through.
ORD-50390,2024-07-01,2024-07-03,CUST-10217,Tomas Okafor,tomas67@mailinator.com,A2,SKU-1661,OUTDOOR,2,44.89,0,89.78,USD,web,debit_card,Shipped,us,NY,67068,2,Asked to split delivery across two addresses - not supported.
ORD-50356,2024-10-03,2024-10-08,CUST-10072,Priya Iyer,piyer@testmail.org,,SKU-1019,home & kitchen,3,946.5,0,2839.5,usd,web,debit_card,shipped,US,GA,59719,3,Product missing accessory listed on the page.
ORD-50221,"Oct 18, 2024",2024-10-19,CUST-10204,Amara Lindqvist,AMARA.LINDQVIST@EXAMPLE.COM,C1,SKU-1925,electronics,1,55.06,0,55.06,USD,Marketplace,Credit Card,cancelled,USA,WA,77194,3,"Very happy with the product, left 5 star review."
ORD-50715,2024-09-21,2024-09-22,CUST-10172,Grace Ferreira,GRACE.FERREIRA@EXAMPLE.COM,C1,SKU-1700,Electronic,0,15.78,5%,0.0,USD,Web,debit_card,canceled,us,WA,20811,,Wants sustainable packaging option in future.
ORD-50132,11/13/2024,2024-11-18,CUST-10280,Maya Chen,mchen@testmail.org,C1,SKU-1010,,-1,112.25,0.0,-112.25,USD,WEB,paypal,Shipped,us,WA,71498,5,Third return this quarter from this customer.
ORD-50193,2024-05-22,2024-05-23,CUST-10110,Tomas Nasser,tomas.nasser@example.com,A2,SKU-1955,PET SUPPLIES,3,63.63,5%,190.89,,Web,credit_card,Cancelled,United States,california,93729,,Product missing accessory listed on the page.
ORD-50602,"May 29, 2024",2024-05-30,CUST-10137,Ethan Haddad,ethan.haddad@example.com,,SKU-1292,Home & Kitchen,2,57.04,20 %,114.08,USD,In-Store,,Returned,U.S.,new york,21123,4,Asked to split delivery across two addresses - not supported.
ORD-50632,2025-03-25 15:22:00,2025-03-26,CUST-10065,Owen Weber,OWEN.WEBER@EXAMPLE.COM,A1,SKU-1920,home & kitchen,-1,35.61,,-35.61,USD,Web,PayPal,cancelled,USA,Fl,16164,4,Asked to split delivery across two addresses - not supported.
ORD-50746,"Oct 11, 2024",2024-10-13,CUST-10068,Hugo Costa,hugo.costa@example.com,B2,SKU-1923,Home & Kitchen,1,87.25,5%,87.25,CAD,Web,apple_pay,COMPLETED,canada,MB,L7E 2H4,2,Payment declined twice before going through.
ORD-50087,29-03-2025,2025-04-01,CUST-10155,Zara Singh,zara.singh@example.com,X9,SKU-1758,ELECTRONICS,4,826.76,0,3307.04,US$,mobile app,credit_card,returned,USA,IL,30836,2,Wants sustainable packaging option in future.
ORD-50796,"Feb 04, 2024",2024-02-09,CUST-10077,Mateo Iyer,,C3,SKU-1053,Apparel ,1,83.99,0,83.99,USD,mobile app,apple_pay,cancelled,United States,california,32212,5,Return window question - purchased as holiday gift.
ORD-50825,2024-07-02,2024-07-03,CUST-10134,Yuki Chen,YUKI.CHEN@EXAMPLE.COM,C1,SKU-1798,Grocery,1,9.04,0.15,9.04,USD,in store,PayPal,canceled,us,MA,28439,3,"Order placed in store but shipped to home, tracking confusion."
ORD-50348,18-04-2024,2024-04-20,CUST-10297,Lucas Haddad,LUCAS.HADDAD@EXAMPLE.COM,B2,SKU-1107,Electronic,2,54.8,0,109.6,CAD,store,PayPal,Completed,CAN,AB,K5A 1J2,4,Payment declined twice before going through.
ORD-50870,07/20/2024,2024-07-21,CUST-10097,Priya Nakamura,priya.nakamura@example.com,,SKU-1112,Outdoor,1,848.16,0.0,1154.35,USD,in store,Debit,completed,U.S.,MA,21955,10,"Asked about warranty length, unclear on product page."
ORD-50412,2025-02-27,2025-02-28,CUST-10327,Camille Iyer,ciyer@testmail.org,C1,SKU-1570,ELECTRONICS,2,96.54,0,193.08,CAD,web,CC,Completed,CAN,QC,V6J 6J8,5,"Bulk order for office, asked about corporate account pricing."
ORD-50608,2024-01-12 17:05:00,2024-01-13,CUST-10023,Kai Laurent,,B2,SKU-1919,Home and Kitchen,4,258.56,0.0,1034.24,USD,Marketplace,debit_card,pending,United States,california,21147,5,Item arrived damaged - box crushed. Replacement sent no charge.
ORD-50265,2024-03-08,2024-03-11,CUST-10109,Camille Tanaka,CAMILLE.TANAKA@EXAMPLE.COM,,SKU-1104,HOME & KITCHEN,1,9.79,0,9.79,USD,marketplace,CC,Shipped,United States,FL,22418,5,
ORD-50953,2024-10-14 17:50:00,2024-10-16,CUST-10019,Mateo Silva,mateo46@mailinator.com,A1,SKU-1581,HOME & KITCHEN,2,924.05,10%,1848.1,CAD,store,,Pending,Canada,BC,K2J 9A5,1,"Bulk order for office, asked about corporate account pricing."
ORD-50902,2024-02-27,2024-02-28,CUST-10249,,camille.doyle@example.com,X9,SKU-1760, Home & Kitchen ,2,48.15,-5,96.3,usd,In-Store,Gift Card,Returned,US,MA,14484,,Return window question - purchased as holiday gift.
ORD-50914,07-02-2024,2024-02-12,CUST-10099,Mateo Petrova,mpetrova@testmail.org,C1,SKU-1380,Beauty,3,21.97,0,65.91,USD,mobile_app,paypal,Pending,us,MA,65194,,"Customer says price was lower yesterday, asked for price match."
ORD-50612,2024-05-09,2024-05-18,CUST-10219,Marcus Novak,marcus98@mailinator.com,B1,SKU-1389,,1,14.7,0.15,14.7,USD,in store,credit_card,Returned,US,california,58305,,Wants to know if this is compatible with the 2023 model.
ORD-50698,2025-02-14,2025-02-15,CUST-10271,Fatima Haddad,fatima.haddad@example.com,C3,SKU-1998,beauty,1,55.67,10%,55.67,USD,store,Credit Card,cancelled,USA,california,92951,10,"Very happy with the product, left 5 star review."
ORD-50992,"Oct 01, 2024",2024-10-04,CUST-10133,Chloe Ahmed,chloe74@mailinator.com,A2,SKU-1770,outdoor,5,23.58,0,117.9,USD,store,Debit,Completed,US,PA,43898,4,"Sizing runs small per customer, exchanged for larger size."
ORD-50938,"Jan 17, 2025",,CUST-10048,Noah Nakamura,nnakamura@testmail.org,B2,SKU-1973,Apparel,-1,41.19,0.15,-41.19,USD,in store,paypal,pending,US,TX,31992,5,Third return this quarter from this customer.
ORD-50724,2025-03-15,2025-03-18,CUST-10063,Jonas Johnson,jonas28@mailinator.com,B1,SKU-1741,Home and Kitchen,2,24.22,0.15,48.44,CAD,marketplace,PayPal,returned,CAN,Quebec,K7E 5J1,4,"Requested gift wrap, was not applied. Customer upset."
ORD-50352,2024-03-04,2024-03-02,CUST-10133,Chloe Ahmed,chloe74@mailinator.com,A1,SKU-1354,APPAREL,5,9.27,,46.35,USD,marketplace,apple_pay,Completed,U.S.,Texas,82276,4,"Duplicate order - customer clicked submit twice, refunded one."
ORD-50438,2024-01-02,2024-01-04,CUST-10173,Zara Singh,zara.singh@example.com,A2,SKU-1978,Beauty,2,10.75,0,21.5,CAD,In-Store,CC,returned,CA,NS,L6A 3G6,5,"Very happy with the product, left 5 star review."
ORD-50183,2025-05-11,2025-05-12,CUST-10056,Elena Ahmed,ELENA.AHMED@EXAMPLE.COM,,SKU-1737,electronics,1,64.43,10%,70.73,USD,Mobile App,debit_card,cancelled,USA,CA,26673,1,"Called to cancel, was already shipped. Return label sent."
ORD-50417,2025-06-12 03:10:00,2025-06-13,CUST-10228,Andre Doyle,andre.doyle@example.com,C3,SKU-1425,Beauty & Personal Care,1,61.07,5%,61.07,USD,in store,paypal,canceled,CAN,B.C.,M9A 8A1,4,Product missing accessory listed on the page.
ORD-50607,02/05/2025,,CUST-10230,Grace Doyle,,B2,SKU-1171,Clothing,1,264.61,5%,264.61,CAD,Web,credit_card,COMPLETED,CA,B.C.,L3A 1A9,4,Product missing accessory listed on the page.
ORD-50871,2025-03-22,2025-03-31,CUST-10336,Ethan Weber,ethan46@mailinator.com,A2,SKU-1087, Home & Kitchen ,5,124.65,0.0,623.25,USD,store,gift_card,cancelled,USA,GA,85909,5,Wants sustainable packaging option in future.
ORD-50923,06/19/2025,2025-06-28,CUST-10175,Marcus Okafor,mokafor@testmail.org,B2,SKU-1582, Home & Kitchen ,1,47.89,,47.89,,store,Debit,cancelled,Canada,BC,L6G 2J8,4,Item arrived damaged - box crushed. Replacement sent no charge.
ORD-50029,2024-05-17,2024-05-19,CUST-10024,Jonas Haddad,jonas.haddad@example.com,C3,SKU-1566,HOME & KITCHEN,2,930.02,0,1860.04,USD,In-Store,Gift Card,Shipped,US,Fl,91689,5,"Requested gift wrap, was not applied. Customer upset."
ORD-51102,2025-06-06,,CUST-10137,Ethan Haddad,ethan.haddad@example.com,A1,SKU-1198,GROCERY,1,82.47,0,82.47,USD,WEB,credit_card,COMPLETED,U.S.,new york,67339,10,Asked to split delivery across two addresses - not supported.
ORD-50439,2024-04-20,2024-04-22,CUST-10090,Ravi Muller,rmuller@testmail.org,C3,SKU-1960,outdoor,3,80.64,,241.92,USD,store,gift_card,Completed,CA,MB,V9A 6B6,3,Third return this quarter from this customer.
ORD-50656,"Oct 18, 2024",2024-10-27,CUST-10202,Tomas Iyer,tiyer@testmail.org,B1,SKU-1149,outdoor,3,25.6,0,76.8,USD,in store,PayPal,COMPLETED,U.S.,IL,89356,5,"Bulk order for office, asked about corporate account pricing."
ORD-51017,08/26/2024,2024-08-29,CUST-10137,Ethan Haddad,ethan.haddad@example.com,C3,SKU-1962,ELECTRONICS,1,43.51,0.15,43.51,USD,Web,gift_card,pending,United States,IL,13475,5,"Customer says price was lower yesterday, asked for price match."
ORD-51001,2025-02-04,2025-02-05,CUST-10307,Sofia Johnson,sjohnson@testmail.org,C3,SKU-1090,Apparel ,4,120.02,5%,480.08,CAD,store,apple_pay,completed,CAN,ON,M1H 7C7,5,"Order placed in store but shipped to home, tracking confusion."
ORD-50773,2025-05-22,2025-05-31,CUST-10280,Maya Chen,mchen@testmail.org,B1,SKU-1050,apparel,1,125.64,0.0,125.64,USD,Mobile App,apple_pay,shipped,United States,NJ,22536,4,"Asked about warranty length, unclear on product page."
ORD-50621,"Apr 14, 2024",,CUST-10276,Fatima Bergman,FATIMA.BERGMAN@EXAMPLE.COM,A1,SKU-1145,ELECTRONICS,1,91.3,5%,91.3,US$,In-Store,,Cancelled,US,new york,17075,5,"Address correction after dispatch, carrier redirect fee applied."
ORD-50751,"Feb 19, 2025",2025-02-20,CUST-10284,Leila Alvarez,leila.alvarez@example.com,C1,SKU-1901,apparel,1,,0,,cad,WEB,CC,shipped,CAN,NS,M2C 3G1,5,"Asked about warranty length, unclear on product page."
ORD-51106,03/25/2024,2024-04-03,CUST-10100,,ethan.weber@example.com,,SKU-1103,Pet Supplies,2,129.29,10%,258.58,USD,Marketplace,,cancelled,us,IL,98805,3,Product missing accessory listed on the page.
ORD-51011,23-02-2025,2025-02-24,CUST-10315,Elena Alvarez,ealvarez@testmail.org,C1,SKU-1095,APPAREL,4,65.47,0,261.88,USD,Web,Credit Card,returned,USA,IL,93032,3,"Customer called twice about delayed shipment, agent waived shipping fee."
ORD-50155,2025-04-01,2025-04-10,CUST-10337,,cdoyle@testmail.org,A1,SKU-1469,grocery,1,18.71,20 %,18.71,USD,web,apple_pay,canceled,United States,IL,41179,3,Third return this quarter from this customer.
ORD-50432,11/13/2024,2024-11-14,CUST-10248,Ethan Costa,ethan13@mailinator.com,A2,SKU-1203,ELECTRONICS,3,47.29,5%,141.87,USD,Marketplace,PayPal,Shipped,U.S.,NY,29105,5,"Order placed in store but shipped to home, tracking confusion."
ORD-50487,12/11/2024,2024-12-13,CUST-10104,Yuki Moreno,yuki78@mailinator.com,,SKU-1550,Groceries,2,18.46,0,41.21,USD,Web,Debit,Completed,U.S.,new york,59356,5,Asked to split delivery across two addresses - not supported.
ORD-51094,05/01/2025,,CUST-10168,Priya Sharma,PRIYA.SHARMA@EXAMPLE.COM,A2,SKU-1663,electronics,4,95.1,0,380.4,USD,Mobile App,gift_card,Returned,U.S.,Fl,96804,5,"Sizing runs small per customer, exchanged for larger size."
ORD-50353,2024-08-21,2024-08-26,CUST-10021,Ethan Laurent,ethan22@mailinator.com,A1,SKU-1565,Home & Kitchen,2,24.72,0.15,49.44,usd,store,CC,Cancelled,U.S.,Texas,65945,5,"Requested gift wrap, was not applied. Customer upset."
ORD-50568,05/26/2024,2024-05-29,CUST-10088,Chloe Bergman,chloe73@mailinator.com,B2,SKU-1425,Pets,3,15.19,0,45.57,CAD,in store,gift_card,cancelled,CA,BC,K9B 8E9,5,"Very happy with the product, left 5 star review."
ORD-50575,2024-04-05,2024-04-06,CUST-10313,Owen Costa,OWEN.COSTA@EXAMPLE.COM,A2,SKU-1887,grocery,5,245.77,0,1228.85,USD,In-Store,PayPal,canceled,USA,new york,96531,3,"Requested gift wrap, was not applied. Customer upset."
ORD-51148,2024-01-06,2024-01-11,CUST-10163,Elena Tanaka,elena97@mailinator.com,C1,SKU-1340,Pet Supplies,3,19.0,5%,57.0,USD,mobile app,Debit,returned,USA,GA,14264,5,Third return this quarter from this customer.
ORD-50273,2025-03-17,2025-03-20,CUST-10003,Nina Iyer,nina.iyer@example.com,,SKU-1580,Apparel ,1,15.29,0,15.29,USD,web,CC,shipped,United States,new york,43993,n/a,Product missing accessory listed on the page.
ORD-50225,1713919440,2024-05-03,CUST-10155,Zara Singh,zara.singh@example.com,X9,SKU-1862,Outdoors,2,880.12,0,1950.59,USD,mobile_app,Credit Card,Shipped,USA,TX,70742,3,Product missing accessory listed on the page.
ORD-51123,2024-05-18 01:27:00,2024-05-19,CUST-10113,Ravi Sharma,rsharma@testmail.org,X9,SKU-1568,Apparel,1,45.75,0.15,45.75,USD,marketplace,Credit Card,completed,United States,PA,86372,5,
ORD-50570,2024-07-09,2024-07-10,CUST-10330,Owen Dubois,odubois@testmail.org,X9,SKU-1902,beauty,1,847.77,20 %,847.77,USD,store,paypal,pending,USA,PA,86700,2,Return window question - purchased as holiday gift.
ORD-50723,2024-04-23,2024-04-26,CUST-10160,Maya Ahmed,MAYA.AHMED@EXAMPLE.COM,B1,SKU-1365,GROCERY,3,29.83,,89.49,USD,web,PayPal,pending,United States,NJ,46229,5,
ORD-50312,2025-01-26 15:37:00,2025-01-27,CUST-10066,Grace Bergman,GRACE.BERGMAN@EXAMPLE.COM,A2,SKU-1975,Pet Supplies,1,110.42,0,110.42,USD,Marketplace,,COMPLETED,USA,NY,31108,n/a,Wants sustainable packaging option in future.
ORD-50669,2025-05-24 15:20:00,2025-05-25,CUST-10324,Yuki Muller,YUKI.MULLER@EXAMPLE.COM,X9,SKU-1357,pet supplies,1,262.04,0.0,262.04,USD,marketplace,CC,completed,U.S.,TX,95736,4,"Address correction after dispatch, carrier redirect fee applied."
ORD-50898,2024-03-01,2024-03-03,CUST-10220,Leila Johnson,LEILA.JOHNSON@EXAMPLE.COM,B1,SKU-1936,Apparel,3,26.03,10%,78.09,USD,In-Store,debit_card,pending,US,WA,23101,10,"Bulk order for office, asked about corporate account pricing."
ORD-51133,2024-06-11,2024-06-13,CUST-10169,Leila Sharma,,B1,SKU-1553,home & kitchen,1,42.57,0.0,51.74,US$,mobile app,Gift Card,canceled,USA,NJ,20358,5,"Duplicate order - customer clicked submit twice, refunded one."
ORD-50795,03/29/2025,2025-04-01,CUST-10169,Leila Sharma,leila91@mailinator.com,A1,SKU-1003,GROCERY,4,48.08,0,192.32,USD,Mobile App,debit_card,shipped,USA,WA,98268,3,Product missing accessory listed on the page.
ORD-50683,2024-12-19 23:24:00,2024-12-21,CUST-10212,Maya Petrova,MAYA.PETROVA@EXAMPLE.COM,B2,SKU-1017,grocery,1,94.13,5%,94.13,USD,store,Debit,Completed,US,NY,83132,4,"Called to cancel, was already shipped. Return label sent."
ORD-50650,2024-01-01,2024-01-03,CUST-10192,,owen.sharma@example.com,,SKU-1098,outdoor,2,89.84,0,179.68,USD,WEB,Debit,Completed,USA,NY,36448,5,Product missing accessory listed on the page.
ORD-50012,1710881700,2024-03-20,CUST-10140,Leila Moreno,leila71@mailinator.com,A1,SKU-1460,Outdoor,1,13.95,5%,13.95,usd,mobile_app,paypal,Returned,US,MA,72341,4,Item arrived damaged - box crushed. Replacement sent no charge.
ORD-50705,2025-05-09,,CUST-10139,Jonas Iyer,JONAS.IYER@EXAMPLE.COM,,SKU-1028,Home and Kitchen,1,31.91,,31.91,USD,In-Store,CC,Pending,us,new york,61088,n/a,"Called to cancel, was already shipped. Return label sent."
ORD-50496,01/17/2025,2025-01-22,CUST-10018,Chloe Tanaka,ctanaka@testmail.org,,SKU-1885,Apparel,2,48.08,0,96.16,CAD,WEB,,Shipped,canada,ontario,N4B 1B8,4,Asked to split delivery across two addresses - not supported.
ORD-50199,15-01-2024,,CUST-10178,Marcus Okafor,,A2,SKU-1946,electronics,4,237.08,0,948.32,USD,In-Store,paypal,Pending,US,Fl,87251,3,"Requested gift wrap, was not applied. Customer upset."
ORD-50831,2024-05-09,2024-05-11,CUST-10193,Nina Doyle,ndoyle@testmail.org,A1,SKU-1177,home & kitchen,1,237.7,0.15,237.7,USD,store,debit_card,Shipped,United States,new york,32789,5,"Called to cancel, was already shipped. Return label sent."
ORD-50858,01/29/2025,2025-02-07,CUST-10073,Elena Fitzgerald,ELENA.FITZGERALD@EXAMPLE.COM,C1,SKU-1451,Apparel,1,47.04,5%,47.04,USD,In-Store,credit_card,Pending,USA,california,25501,5,Payment declined twice before going through.
ORD-50391,2025-06-13 03:29:00,2025-06-15,CUST-10217,Tomas Okafor,tomas67@mailinator.com,A1,SKU-1164,APPAREL,1,956.77,0.15,956.77,CAD,store,,canceled,canada,BC,K8H 7E1,4,"Loyalty points not applied at checkout, manual credit issued."
ORD-50082,2024-06-17,2024-06-18,CUST-10192,Owen Sharma,owen.sharma@example.com,C1,SKU-1676,Apparel,2,14.03,0,29.5,USD,web,PayPal,Returned,United States,california,82045,,"Duplicate order - customer clicked submit twice, refunded one."
ORD-50016,2025-01-26,2025-01-27,CUST-10122,Chloe Lindqvist,CHLOE.LINDQVIST@EXAMPLE.COM,A1,SKU-1656, Electronics,5,23.37,0,116.85,USD,Web,Gift Card,Completed,United States,GA,47363,2,"Address correction after dispatch, carrier redirect fee applied."
ORD-50983,"Apr 05, 2024",2024-04-08,CUST-10021,Ethan Laurent,ethan22@mailinator.com,B1,SKU-1552,Clothing,10,18.48,20 %,184.8,,In-Store,CC,returned,United States,NY,75151,3,Wants to know if this is compatible with the 2023 model.
ORD-50385,2024-07-11,,CUST-10097,Priya Nakamura,priya.nakamura@example.com,C3,SKU-1592,pet supplies,1,62.46,0,62.46,CAD,in store,gift_card,pending,CAN,NS,V3A 7B9,5,Product missing accessory listed on the page.
ORD-50471,2024-01-01,2024-01-02,CUST-10308,,ethan.nasser@example.com,B1,SKU-1099,grocery,5,90.08,0,450.4,USD,mobile_app,PayPal,Pending,USA,CA,58866,2,Product missing accessory listed on the page.
ORD-50231,2025-01-05,2025-01-06,CUST-10271,Fatima Haddad,fatima.haddad@example.com,C3,SKU-1411,beauty,1,58.95,0.15,58.95,USD,web,PayPal,completed,United States,Fl,96530,,"Duplicate order - customer clicked submit twice, refunded one."
ORD-51027,04-06-2024,,CUST-10198,Leila Doyle,leila10@mailinator.com,B1,SKU-1907,pet supplies,3,119.49,20 %,476.3,USD,web,debit_card,COMPLETED,USA,MA,34937,4,Return window question - purchased as holiday gift.
ORD-50146,15-02-2024,2024-02-16,CUST-10176,Maya Dubois,maya54@mailinator.com,B2,SKU-1971,Outdoor,3,21.94,0.15,73.93,USD,Mobile App,credit_card,cancelled,United States,PA,24585,4,Third return this quarter from this customer.
ORD-50682,2024-08-14 00:35:00,2024-08-17,CUST-10148,Sofia Ferreira,,,SKU-1312,Outdoor,1,112.3,0,112.3,USD,mobile_app,apple_pay,Returned,U.S.,MA,72092,4,"Requested gift wrap, was not applied. Customer upset."
ORD-50223,2025-06-09,2025-06-10,CUST-10065,Owen Weber,OWEN.WEBER@EXAMPLE.COM,C1,SKU-1599,Pet supplies,4,118.27,10%,565.66,,Web,,canceled,us,CA,33534,5,Asked to split delivery across two addresses - not supported.
ORD-51092,2025-01-11 21:50:00,2025-01-09,CUST-10064,Andre Nakamura,ANDRE.NAKAMURA@EXAMPLE.COM,B2,SKU-1264,,2,93.34,0,203.43,USD,marketplace,Credit Card,Cancelled,United States,Texas,99518,,Payment declined twice before going through.
ORD-51068,2024-08-25,2024-08-30,CUST-10024,Jonas Haddad,jonas.haddad@example.com,B1,SKU-1346,Beauty & Personal Care,1,31.75,0,43.62,USD,Marketplace,Gift Card,Pending,U.S.,NJ,80817,4,"Called to cancel, was already shipped. Return label sent."
ORD-50712,2024-05-13,2024-05-14,CUST-10261,Leila Dubois,LEILA.DUBOIS@EXAMPLE.COM,B2,SKU-1402,pet supplies,1,909.34,5%,909.34,CAD,WEB,debit_card,cancelled,CA,ON,L5G 5G7,4,Item arrived damaged - box crushed. Replacement sent no charge.
ORD-50370,2024-05-11 15:53:00,2024-05-13,CUST-10228,Andre Doyle,andre.doyle@example.com,B2,SKU-1911,electronics,2,13.56,0.0,27.12,USD,in store,paypal,Shipped,US,MA,98472,4,Asked to split delivery across two addresses - not supported.
ORD-50590,2024-09-11,2024-09-20,CUST-10117,Ethan Costa,ethan20@mailinator.com,X9,SKU-1362,Pet Supplies,1,15.34,10%,15.34,USD,marketplace,,pending,U.S.,WA,94040,4,Return window question - purchased as holiday gift.
ORD-50207,2024-04-07,2024-04-10,CUST-10135,Amara Diallo,amara69@mailinator.com,A2,SKU-1667,HOME & KITCHEN,250,63.64,5%,15910.0,usd,Mobile App,PayPal,pending,US,california,80772,4,Product missing accessory listed on the page.
ORD-50663,2024-09-21,2024-09-22,CUST-10161,Ines Nakamura,INES.NAKAMURA@EXAMPLE.COM,B1,SKU-1553,Apparel,1,875.66,10%,875.66,cad,marketplace,credit_card,Completed,CAN,AB,N3B 3C1,,Item arrived damaged - box crushed. Replacement sent no charge.
ORD-50171,2024-10-25,2024-10-27,CUST-10018,Chloe Tanaka,ctanaka@testmail.org,C1,SKU-1135,Pets,3,238.01,0,714.03,USD,Mobile App,credit_card,Pending,us,TX,24621,5,"Called to cancel, was already shipped. Return label sent."
ORD-50765,04/24/2024,2024-05-03,CUST-10142,Jonas Costa,jcosta@testmail.org,B2,SKU-1694,pet supplies,3,21.12,0.0,63.36,USD,in store,apple_pay,completed,US,GA,23494,4,"Loyalty points not applied at checkout, manual credit issued."
ORD-50918,2025-06-21 23:14:00,2025-06-22,CUST-10092,Owen Tanaka,owen51@mailinator.com,X9,SKU-1320,electronics,2,,10%,,USD,in store,Credit Card,pending,U.S.,CA,50632,4,"Address correction after dispatch, carrier redirect fee applied."
ORD-50229,2024-12-14,2024-12-23,CUST-10016,Liang Muller,lmuller@testmail.org,A2,SKU-1723,Grocery,1,14.84,0,14.84,CAD,In-Store,Credit Card,Completed,CAN,Quebec,P2J 9A9,3,
ORD-50852,"Oct 06, 2024",2024-10-07,CUST-10219,Marcus Novak,marcus98@mailinator.com,B2,SKU-1428, Home & Kitchen ,1,9.77,0,11.22,USD,marketplace,Gift Card,completed,USA,FL,28351,4,
ORD-50252,2024-06-27,2024-06-28,CUST-10072,Priya Iyer,piyer@testmail.org,B1,SKU-1863, Electronics,1,270.62,,270.62,USD,Marketplace,CC,Cancelled,US,FL,95835,5,"Requested gift wrap, was not applied. Customer upset."
ORD-50616,2025-01-17,2025-01-22,CUST-10264,Ethan Tanaka,ethan.tanaka@example.com,A1,SKU-1093,apparel,2,84.38,20 %,168.76,CAD,web,apple_pay,COMPLETED,canada,QC,N2J 2C3,4,Item arrived damaged - box crushed. Replacement sent no charge.
ORD-50075,2024-05-23,2024-05-28,CUST-10089,Nina Reyes,nina.reyes@example.com,A2,SKU-1596, Home & Kitchen ,4,125.95,0,691.94,USD,Web,credit_card,Completed,canada,QC,L8J 3A6,3,"Very happy with the product, left 5 star review."
ORD-50214,2024-03-27,2024-04-05,CUST-10163,Elena Tanaka,elena97@mailinator.com,A1,SKU-1945,Beauty & Personal Care,4,19.03,20 %,96.39,USD,mobile_app,Credit Card,canceled,U.S.,Texas,35987,4,"Address correction after dispatch, carrier redirect fee applied."
ORD-50262,2025-04-17 12:21:00,2025-04-26,CUST-10166,,sofia37@mailinator.com,B1,SKU-1334,Beauty & Personal Care,1,24.03,0.0,24.03,USD,In-Store,Credit Card,Completed,US,new york,81883,5,"Very happy with the product, left 5 star review."
ORD-50232,2024-11-17 11:00:00,2024-11-26,CUST-10029,Zara Nakamura,ZARA.NAKAMURA@EXAMPLE.COM,B2,SKU-1908,Pets,-1,58.81,10%,-58.81,USD,Marketplace,gift_card,Pending,us,Fl,55252,,
ORD-50234,08/29/2024,2024-09-07,CUST-10181,Kai Dubois,kai.dubois@example.com,C3,SKU-1306,Home & Kitchen,3,14.35,10%,43.05,USD,marketplace,,COMPLETED,US,GA,59501,4,"Customer says price was lower yesterday, asked for price match."
ORD-50498,2025-04-16,2025-04-18,CUST-10287,Noah Laurent,NOAH.LAURENT@EXAMPLE.COM,,SKU-1443,Electronics,1,24.63,0.15,24.63,USD,in store,apple_pay,returned,United States,WA,18819,n/a,"Duplicate order - customer clicked submit twice, refunded one."
ORD-50355,23-06-2025,2025-06-25,CUST-10182,Sofia Laurent,sofia55@mailinator.com,,SKU-1286,grocery,1,35.64,0,35.64,USD,in store,debit_card,Shipped,U.S.,Fl,82478,3,Payment declined twice before going through.
ORD-50298,2024-07-25,2024-07-26,CUST-10335,Ines Ahmed,ines37@mailinator.com,C3,SKU-1916,grocery,1,96.57,0.0,96.57,cad,Web,PayPal,Completed,Canada,MB,N7G 9J1,3,"Loyalty points not applied at checkout, manual credit issued."
ORD-50671,2024-03-06,2024-03-07,CUST-10054,Grace Nakamura,grace70@mailinator.com,C1,SKU-1523,Clothing,3,9.08,20 %,27.24,usd,mobile app,Gift Card,COMPLETED,USA,california,67074,5,"Order placed in store but shipped to home, tracking confusion."
ORD-50480,06/07/2024,2024-06-08,CUST-10264,Ethan Tanaka,ethan.tanaka@example.com,B1,SKU-1791,beauty,5,35.07,0.0,175.35,CAD,mobile_app,paypal,pending,Canada,ontario,P8B 8J2,3,"Duplicate order - customer clicked submit twice, refunded one."
ORD-50598,2025-06-02,2025-06-03,CUST-10226,Lucas Nasser,lnasser@testmail.org,X9,SKU-1802,Electronic,5,247.52,0.15,1237.6,USD,store,paypal,Pending,U.S.,FL,47904,2,Asked to split delivery across two addresses - not supported.
ORD-50072,"Sep 08, 2024",2024-09-09,CUST-10288,Kai Nasser,knasser@testmail.org,A1,SKU-1973,GROCERY,3,23.83,5%,71.49,USD,store,Debit,Completed,United States,Texas,36895,5,"Customer says price was lower yesterday, asked for price match."
ORD-50429,2025-01-19 19:33:00,2025-01-22,CUST-10248,Ethan Costa,ethan13@mailinator.com,A2,SKU-1589,Clothing,2,246.68,0,493.36,CAD,mobile_app,paypal,Returned,canada,B.C.,V7J 7H1,4,"Very happy with the product, left 5 star review."
ORD-50069,2024-05-20,,CUST-10222,Diego Fitzgerald,diego52@mailinator.com,B1,SKU-1380, Home & Kitchen ,2,9.61,5%,19.22,USD,Mobile App,Credit Card,completed,USA,CA,53910,5,"Loyalty points not applied at checkout, manual credit issued."
ORD-50535,2025-03-17,2025-03-22,CUST-10157,Felix Nasser,FELIX.NASSER@EXAMPLE.COM,C1,SKU-1968,BEAUTY,1,25.82,0,25.82,USD,mobile app,paypal,Shipped,USA,MA,15546,3,"Customer says price was lower yesterday, asked for price match."
ORD-50236,2024-05-01,2024-05-02,CUST-10262,Elena Rossi,elena.rossi@example.com,C3,SKU-1312,Grocery,3,88.53,5%,362.0,,In-Store,credit_card,COMPLETED,us,MA,28630,5,Product missing accessory listed on the page.
ORD-50995,2025-01-07,2025-01-08,CUST-10145,Elena Petrova,elena57@mailinator.com,A1,SKU-1283,apparel,1,249.63,20 %,249.63,CAD,Marketplace,apple_pay,COMPLETED,CA,ontario,V6B 9E9,5,"Sizing runs small per customer, exchanged for larger size."
ORD-50289,2025-01-14,2025-01-17,CUST-10262,Elena Rossi,elena.rossi@example.com,,SKU-1514,pet supplies,2,19.51,10%,39.02,USD,in store,debit_card,Shipped,US,california,93313,,Return window question - purchased as holiday gift.
ORD-51136,2024-12-30,2024-12-31,CUST-10047,Ethan Haddad,ethan.haddad@example.com,,SKU-1524,Home & Kitchen,3,863.5,5%,2590.5,USD,WEB,Credit Card,cancelled,us,PA,85063,5,Third return this quarter from this customer.
ORD-50058,2024-07-10,2024-07-11,CUST-10101,Jonas Ferreira,jferreira@testmail.org,C3,SKU-1611,Beauty & Personal Care,1,22.59,10%,22.59,USD,Web,paypal,cancelled,US,PA,70012,5,Return window question - purchased as holiday gift.
ORD-50490,2024-08-13,2024-08-16,CUST-10314,Noah Singh,noah.singh@example.com,,SKU-1218, Electronics,1,25.66,0.0,25.66,USD,store,gift_card,canceled,canada,BC,L7J 7A9,5,"Bulk order for office, asked about corporate account pricing."
ORD-50972,2024-07-11,2024-07-13,CUST-10338,Jonas Singh,jonas93@mailinator.com,C3,SKU-1944,Home and Kitchen,1,9.24,20 %,9.24,CAD,Marketplace,PayPal,Pending,Canada,B.C.,L6B 7J1,3,"Requested gift wrap, was not applied. Customer upset."
ORD-50749,2024-07-22,2024-07-23,CUST-10302,Chloe Muller,chloe84@mailinator.com,C3,SKU-1893,Apparel,1,119.59,5%,119.59,USD,mobile app,gift_card,Pending,canada,ontario,P5E 5A9,4,Wants sustainable packaging option in future.
ORD-50966,"Jun 19, 2025",2025-06-20,CUST-10175,Marcus Okafor,mokafor@testmail.org,B1,SKU-1077,Apparel ,1,94.51,0.15,94.51,,mobile app,CC,Cancelled,US,TX,20827,,"Called to cancel, was already shipped. Return label sent."
ORD-50884,04/16/2024,2024-04-18,CUST-10157,Felix Nasser,FELIX.NASSER@EXAMPLE.COM,B1,SKU-1673,Apparel ,2,97.88,,255.48,USD,mobile_app,PayPal,shipped,U.S.,new york,66681,5,Payment declined twice before going through.
ORD-50664,2025-05-22,2025-05-23,CUST-10211,Yuki Ahmed,yuki58@mailinator.com,C1,SKU-1051,GROCERY,2,119.1,0.15,238.2,,mobile_app,Gift Card,canceled,US,Fl,30196,5,Third return this quarter from this customer.
ORD-50939,2025-01-19 10:23:00,2025-01-24,CUST-10167,Yuki Haddad,yuki.haddad@example.com,B1,SKU-1220,Electronic,3,10.61,20 %,31.83,US$,Web,apple_pay,shipped,US,TX,50769,5,"Called to cancel, was already shipped. Return label sent."
ORD-50176,05/24/2025,2025-05-22,CUST-10329,Chloe Lindqvist,chloe.lindqvist@example.com,X9,SKU-1588,,3,13.15,10%,39.45,CAD,In-Store,gift_card,Cancelled,Canada,Quebec,N2G 4A7,10,Third return this quarter from this customer.
ORD-50799,2024-04-13,2024-04-15,CUST-10338,Jonas Singh,jonas93@mailinator.com,A2,SKU-1676,apparel,4,57.55,10%,230.2,USD,marketplace,Debit,returned,CAN,MB,M4C 1A2,3,"Very happy with the product, left 5 star review."
ORD-50557,2024-03-08,2024-03-10,CUST-10128,Jonas Ferreira,jferreira@testmail.org,A1,SKU-1711,Outdoors,2,35.26,5%,70.52,USD,WEB,debit_card,returned,us,NJ,62645,4,Third return this quarter from this customer.
ORD-51118,11/05/2024,2024-11-06,CUST-10179,Jonas Muller,jonas52@mailinator.com,X9,SKU-1001,OUTDOOR,3,14.9,0,44.7,USD,mobile app,paypal,Pending,US,NY,10042,5,"Customer called twice about delayed shipment, agent waived shipping fee."
ORD-50879,07/10/2024,2024-07-12,CUST-10306,Andre Sharma,andre53@mailinator.com,X9,SKU-1648,beauty,1,32.8,0,32.8,,mobile_app,CC,completed,U.S.,GA,37219,2,Third return this quarter from this customer.
ORD-50330,1738835040,2025-02-08,CUST-10212,Maya Petrova,MAYA.PETROVA@EXAMPLE.COM,A2,SKU-1029,Pet supplies,1,44.1,10%,44.1,USD,WEB,Credit Card,cancelled,U.S.,GA,67105,3,Wants to know if this is compatible with the 2023 model.
ORD-50411,2024-03-17,2024-03-19,CUST-10195,Maya Ferreira,mferreira@testmail.org,A1,SKU-1799,Electronic,2,25.43,0.15,50.86,USD,In-Store,debit_card,Shipped,United States,Fl,89522,5,Item arrived damaged - box crushed. Replacement sent no charge.
ORD-50045,2025-06-09,,CUST-10104,Yuki Moreno,yuki78@mailinator.com,C3,SKU-1320,beauty,2,31.97,5%,63.94,USD,mobile_app,CC,completed,U.S.,IL,44180,5,"Called to cancel, was already shipped. Return label sent."
ORD-51041,10/31/2024,2024-11-09,CUST-10291,Chloe Doyle,chloe77@mailinator.com,A2,SKU-1870,Home & Kitchen,2,90.56,10%,181.12,USD,marketplace,CC,Pending,us,Fl,65842,3,
ORD-50450,2024-11-20 14:15:00,2024-11-21,CUST-10290,Owen Petrova,owen71@mailinator.com,A1,SKU-1692,pet supplies,1,910.39,,910.39,CAD,web,credit_card,completed,canada,AB,M2C 6B3,10,Return window question - purchased as holiday gift.
ORD-50533,01/19/2025,2025-01-20,CUST-10211,Yuki Ahmed,yuki58@mailinator.com,,SKU-1632,APPAREL,2,43.83,5%,87.66,cad,marketplace,,returned,Canada,BC,L3A 1C1,,Asked to split delivery across two addresses - not supported.
ORD-51078,18-01-2025,2025-01-20,CUST-10256,Ravi Bergman,ravi70@mailinator.com,B1,SKU-1484,Apparel,1,41.37,0,41.37,CAD,Mobile App,gift_card,shipped,CAN,QC,K9H 9B5,10,"Bulk order for office, asked about corporate account pricing."
ORD-50667,09/17/2024,2024-09-18,CUST-10181,Kai Dubois,kai.dubois@example.com,A2,SKU-1384,Clothing,1,14.48,0,14.48,USD,Marketplace,Debit,Returned,CAN,Quebec,V7J 4B1,5,"Bulk order for office, asked about corporate account pricing."
ORD-51035,2025-03-31,2025-04-09,CUST-10125,Amara Muller,AMARA.MULLER@EXAMPLE.COM,C1,SKU-1508,pet supplies,1,130.45,0.15,130.45,US$,mobile app,,shipped,us,FL,88094,4,"Requested gift wrap, was not applied. Customer upset."
ORD-50311,2024-11-12,2024-11-21,CUST-10185,Elena Haddad,ELENA.HADDAD@EXAMPLE.COM,A1,SKU-1577,Outdoors,1,30.54,0,30.54,cad,web,paypal,Completed,CAN,ON,M1C 5E9,3,Asked to split delivery across two addresses - not supported.
ORD-50734,2025-05-27,2025-06-01,CUST-10216,Zara Reyes,zreyes@testmail.org,B2,SKU-1492,Groceries,2,9.71,0.15,21.65,USD,Web,gift_card,cancelled,US,GA,50225,10,Wants sustainable packaging option in future.
ORD-50322,"Feb 06, 2025",2025-02-08,CUST-10265,Owen Muller,owen.muller@example.com,X9,SKU-1925,GROCERY,1,274.63,,274.63,CAD,mobile_app,Credit Card,Pending,canada,AB,L9A 7J5,,"Address correction after dispatch, carrier redirect fee applied."
ORD-50905,2025-05-05,2025-05-06,CUST-10326,Sofia Petrova,spetrova@testmail.org,,SKU-1438,beauty,1,9.47,0.15,9.47,,web,paypal,COMPLETED,US,new york,20589,4,"Requested gift wrap, was not applied. Customer upset."
ORD-50140,01-03-2025,2025-03-06,CUST-10036,Ethan Rossi,ETHAN.ROSSI@EXAMPLE.COM,C1,SKU-1079,home & kitchen,2,14.41,0,28.82,USD,Web,Credit Card,Pending,U.S.,NJ,40279,5,"Bulk order for office, asked about corporate account pricing."
ORD-50111,"May 27, 2024",,CUST-10338,Jonas Singh,jonas93@mailinator.com,A1,SKU-1566, Home & Kitchen ,1,22.25,,22.25,US$,web,credit_card,Returned,us,IL,88204,4,"Order placed in store but shipped to home, tracking confusion."
ORD-50175,2024-11-27 08:10:00,2024-11-28,CUST-10094,Fatima Nakamura,fatima.nakamura@example.com,C1,SKU-1978,home & kitchen,1,91.86,0,91.86,cad,Web,gift_card,shipped,canada,MB,P7B 8A3,5,Product missing accessory listed on the page.
ORD-51022,09/15/2024,2024-09-16,CUST-10042,Amara Costa,,B1,SKU-1670,GROCERY,1,54.84,20 %,54.84,USD,Mobile App,,Cancelled,USA,NJ,85099,5,"Order placed in store but shipped to home, tracking confusion."
ORD-50899,2025-01-13,2025-01-14,CUST-10117,Ethan Costa,ethan20@mailinator.com,B2,SKU-1109,Grocery,1,48.15,0,48.15,CAD,mobile app,paypal,canceled,Canada,BC,N8B 2A6,4,"Customer called twice about delayed shipment, agent waived shipping fee."
ORD-50706,2024-08-07,2024-08-09,CUST-10093,,JONAS.LAURENT@EXAMPLE.COM,X9,SKU-1101,APPAREL,1,95.09,10%,95.09,USD,In-Store,credit_card,COMPLETED,USA,IL,81585,4,
ORD-50332,2024-03-25 11:35:00,2024-03-26,CUST-10295,Ines Kowalski,INES.KOWALSKI@EXAMPLE.COM,A2,SKU-1995,Beauty & Personal Care,-1,47.45,10%,-47.45,USD,Marketplace,debit_card,canceled,US,IL,60470,3,"Requested gift wrap, was not applied. Customer upset."
ORD-50473,2025-05-05,2025-05-08,CUST-10238,Marcus Johnson,mjohnson@testmail.org,A1,SKU-1665,beauty,-1,269.86,20 %,-269.86,USD,store,Gift Card,Pending,U.S.,california,74032,5,Item arrived damaged - box crushed. Replacement sent no charge.
ORD-50591,2025-04-08,2025-04-10,CUST-10309,Hugo Haddad,HUGO.HADDAD@EXAMPLE.COM,B1,SKU-1955,BEAUTY,4,58.6,0,234.4,CAD,Marketplace,PayPal,Shipped,Canada,ontario,P9B 1G4,4,Asked to split delivery across two addresses - not supported.
ORD-50028,2024-09-11,2024-09-14,CUST-10238,Marcus Johnson,mjohnson@testmail.org,,SKU-1510,HOME & KITCHEN,1,18.38,0,18.38,USD,Web,PayPal,returned,United States,Fl,69930,10,"Bulk order for office, asked about corporate account pricing."
ORD-50628,02-07-2024,2024-07-04,CUST-10044,Hugo Laurent,hugo39@mailinator.com,,SKU-1911,,3,57.73,0.0,173.19,USD,web,gift_card,Completed,USA,Fl,21905,5,"Address correction after dispatch, carrier redirect fee applied."
ORD-51042,09/22/2024,2024-10-01,CUST-10175,Marcus Okafor,mokafor@testmail.org,A1,SKU-1473,electronics,1,94.88,0,94.88,USD,marketplace,PayPal,cancelled,US,california,76359,,"Very happy with the product, left 5 star review."
ORD-50244,2024-07-16,2024-07-17,CUST-10180,Ines Petrova,ines.petrova@example.com,A2,SKU-1835,Groceries,4,43.98,0,175.92,USD,mobile_app,debit_card,canceled,US,CA,57579,1,Third return this quarter from this customer.
ORD-51003,23-01-2025,2025-01-25,CUST-10145,Elena Petrova,elena57@mailinator.com,A2,SKU-1086,outdoor,1,13.8,0,13.8,,web,paypal,pending,us,NY,89641,5,Asked to split delivery across two addresses - not supported.
ORD-51085,2025-03-26 00:12:00,2025-03-29,CUST-10257,Camille Sharma,,X9,SKU-1890,Pet Supplies,1,,0.0,,,marketplace,apple_pay,Shipped,U.S.,Texas,62768,,Asked to split delivery across two addresses - not supported.
ORD-50687,2025-04-28 07:59:00,2025-04-29,CUST-10305,Aisha Nakamura,aisha.nakamura@example.com,C1,SKU-1548,Home & Kitchen,3,55.52,20 %,166.56,USD,marketplace,paypal,returned,CA,QC,M6G 6B3,5,Return window question - purchased as holiday gift.
ORD-50121,2024-11-10 18:22:00,2024-11-12,CUST-10203,Sofia Diallo,sdiallo@testmail.org,B2,SKU-1457,grocery,1,119.58,0,119.58,USD,Web,debit_card,returned,us,GA,62502,5,"Order placed in store but shipped to home, tracking confusion."
ORD-51088,07/30/2024,2024-08-01,CUST-10215,Felix Tanaka,ftanaka@testmail.org,B2,SKU-1544,,-1,32.88,5%,-32.88,CAD,mobile_app,PayPal,Shipped,CAN,ontario,N6G 5E7,,"Loyalty points not applied at checkout, manual credit issued."
ORD-50161,05/10/2025,2025-05-15,CUST-10019,Mateo Silva,mateo46@mailinator.com,B1,SKU-1210,grocery,5,89.11,0,445.55,USD,in store,Credit Card,completed,us,TX,50760,,"Asked about warranty length, unclear on product page."
ORD-50405,2024-05-02,2024-05-04,CUST-10247,Diego Kowalski,diego.kowalski@example.com,B2,SKU-1759,Beauty,2,14.04,,28.08,USD,store,,Completed,USA,TX,53190,4,"Loyalty points not applied at checkout, manual credit issued."
ORD-51016,2024-11-13 19:12:00,2024-11-18,CUST-10233,Owen Silva,osilva@testmail.org,A2,SKU-1452,Groceries,1,14.34,,14.34,USD,store,credit_card,completed,USA,new york,46442,5,"Address correction after dispatch, carrier redirect fee applied."
ORD-50558,04/17/2025,2025-04-19,CUST-10336,Ethan Weber,ethan46@mailinator.com,,SKU-1735,Apparel,10,84.99,0,849.9,USD,WEB,paypal,returned,us,CA,85602,3,Item arrived damaged - box crushed. Replacement sent no charge.
ORD-50013,"Jun 11, 2024",2024-06-13,CUST-10175,Marcus Okafor,,C3,SKU-1067,Pet Supplies,2,18.15,0.15,36.3,USD,store,Debit,Shipped,United States,NJ,96057,10,"Asked about warranty length, unclear on product page."
ORD-50713,2024-06-21,2024-06-24,CUST-10060,Leila Laurent,leila8@mailinator.com,C3,SKU-1924,Clothing,-1,57.81,10%,-57.81,usd,mobile_app,credit_card,completed,USA,california,12702,1,Wants sustainable packaging option in future.
ORD-50035,"Feb 08, 2024",2024-02-09,CUST-10243,Sofia Fitzgerald,SOFIA.FITZGERALD@EXAMPLE.COM,,SKU-1190,beauty,3,31.58,,94.74,USD,Mobile App,credit_card,completed,US,new york,49110,5,"Requested gift wrap, was not applied. Customer upset."
ORD-51023,04/22/2025,2025-04-24,CUST-10244,Ethan Reyes,ethan80@mailinator.com,X9,SKU-1071,apparel,2,21.95,,43.9,CAD,Web,Gift Card,returned,Canada,B.C.,L3A 7B2,5,Asked to split delivery across two addresses - not supported.
ORD-50357,09-08-2024,2024-08-12,CUST-10338,Jonas Singh,jonas93@mailinator.com,A1,SKU-1826,Electronics,2,48.94,,97.88,,Marketplace,Debit,returned,U.S.,Fl,70752,4,"Called to cancel, was already shipped. Return label sent."
ORD-50845,2025-02-15,2025-02-17,CUST-10029,Zara Nakamura,ZARA.NAKAMURA@EXAMPLE.COM,A2,SKU-1466,HOME & KITCHEN,1,935.1,,935.1,,Marketplace,paypal,Cancelled,United States,MA,58097,1,Asked to split delivery across two addresses - not supported.
ORD-50038,27-04-2025,2025-04-28,CUST-10151,Marcus Reyes,marcus.reyes@example.com,A2,SKU-1538,Electronic,1,19.9,0,19.9,USD,Web,apple_pay,Completed,us,MA,18094,,Wants sustainable packaging option in future.
ORD-51074,09-03-2025,2025-03-10,CUST-10036,Ethan Rossi,ETHAN.ROSSI@EXAMPLE.COM,C1,SKU-1981,pet supplies,1,241.51,0,241.51,USD,In-Store,PayPal,completed,United States,NY,93385,5,"Sizing runs small per customer, exchanged for larger size."
ORD-50425,2025-03-10,,CUST-10081,Ravi Nasser,RAVI.NASSER@EXAMPLE.COM,X9,SKU-1915,home & kitchen,2,236.3,0.0,472.6,,Mobile App,credit_card,Completed,USA,NJ,42942,5,Return window question - purchased as holiday gift.
ORD-51108,04/12/2025,2025-04-21,CUST-10271,Fatima Haddad,fatima.haddad@example.com,B2,SKU-1082,Electronic,1,20.09,10%,20.09,USD,WEB,Credit Card,Returned,us,NY,76821,4,"Called to cancel, was already shipped. Return label sent."
ORD-50116,"Jan 09, 2025",2025-01-10,CUST-10165,Camille Fitzgerald,CAMILLE.FITZGERALD@EXAMPLE.COM,X9,SKU-1361,Home and Kitchen,2,34.94,0,69.88,CAD,In-Store,apple_pay,completed,CAN,ontario,P3E 3B2,4,"Loyalty points not applied at checkout, manual credit issued."
ORD-50275,"Feb 15, 2025",2025-02-16,CUST-10122,Chloe Lindqvist,CHLOE.LINDQVIST@EXAMPLE.COM,B2,SKU-1377, Electronics,1,10.94,10%,10.94,USD,In-Store,Gift Card,Cancelled,US,NY,96537,3,
ORD-50037,2025-04-02,2025-04-05,CUST-10044,Hugo Laurent,hugo39@mailinator.com,A1,SKU-1683,Beauty,1,19.9,0,19.9,USD,store,,returned,US,IL,50760,5,
ORD-50195,2025-05-07 18:27:00,2025-05-10,CUST-10330,Owen Dubois,odubois@testmail.org,A1,SKU-1865,Apparel,1,32.7,5%,32.7,USD,WEB,paypal,canceled,us,california,27759,4,Item arrived damaged - box crushed. Replacement sent no charge.
ORD-50928,2024-02-23,2024-02-25,CUST-10036,Ethan Rossi,ETHAN.ROSSI@EXAMPLE.COM,A2,SKU-1870,PET SUPPLIES,3,24.08,0,72.24,USD,marketplace,PayPal,Returned,USA,Texas,53707,2,"Asked about warranty length, unclear on product page."
ORD-50846,"Jan 22, 2025",2025-01-24,CUST-10243,Sofia Fitzgerald,SOFIA.FITZGERALD@EXAMPLE.COM,,SKU-1796,Home & Kitchen,1,974.69,0,974.69,,web,,Cancelled,CAN,ON,N9G 1H5,n/a,"Requested gift wrap, was not applied. Customer upset."
ORD-50808,1741735020,2025-03-14,CUST-10272,Hugo Alvarez,HUGO.ALVAREZ@EXAMPLE.COM,B1,SKU-1859,Beauty & Personal Care,1,49.1,0.15,49.1,CAD,in store,PayPal,Pending,Canada,QC,P5A 7B4,5,"Customer says price was lower yesterday, asked for price match."
ORD-50182,2025-04-09 01:06:00,2025-04-18,CUST-10081,Ravi Nasser,RAVI.NASSER@EXAMPLE.COM,A2,SKU-1072,Pet Supplies,1,43.07,0,43.07,usd,marketplace,apple_pay,cancelled,U.S.,PA,64927,3,"Sizing runs small per customer, exchanged for larger size."
ORD-50735,2024-06-25 10:16:00,2024-06-27,CUST-10226,Lucas Nasser,lnasser@testmail.org,B1,SKU-1568,Electronics,4,128.32,5%,513.28,USD,web,gift_card,Cancelled,USA,WA,66178,4,"Customer called twice about delayed shipment, agent waived shipping fee."
ORD-50575,2024-04-05,2024-04-06,CUST-10313,Owen Costa,OWEN.COSTA@EXAMPLE.COM,A2,SKU-1887,grocery,4,245.77,0,1228.85,USD,In-Store,PayPal,Shipped,USA,new york,96531,3,"Requested gift wrap, was not applied. Customer upset."
ORD-50619,2025-03-06,2025-03-07,CUST-10109,,CAMILLE.TANAKA@EXAMPLE.COM,B2,SKU-1602,GROCERY,1,126.33,5%,126.33,,Mobile App,Debit,returned,U.S.,Fl,75979,3,Return window question - purchased as holiday gift.
ORD-50103,2024-11-25,,CUST-10283,Amara Laurent,amara78@mailinator.com,C3,SKU-1993,Beauty & Personal Care,5,20.76,,103.8,CAD,WEB,PayPal,Returned,CAN,QC,V9C 9J6,5,"Order placed in store but shipped to home, tracking confusion."
ORD-50484,2024-08-18,2024-08-21,CUST-10164,Ines Laurent,INES.LAURENT@EXAMPLE.COM,B1,SKU-1247,Groceries,1,939.72,0.15,939.72,usd,Web,PayPal,Returned,United States,PA,14051,4,"Order placed in store but shipped to home, tracking confusion."
ORD-50089,2024-01-10,2024-01-11,CUST-10109,Camille Tanaka,CAMILLE.TANAKA@EXAMPLE.COM,C1,SKU-1729,grocery,2,846.27,0.15,1692.54,usd,store,PayPal,cancelled,us,NY,70161,4,"Very happy with the product, left 5 star review."
ORD-50924,2025-04-11,2025-04-12,CUST-10063,Jonas Johnson,jonas28@mailinator.com,X9,SKU-1440,grocery,1,264.9,0.15,264.9,USD,marketplace,Debit,canceled,USA,NJ,12149,4,"Requested gift wrap, was not applied. Customer upset."
ORD-50203,22-04-2025,2025-04-24,CUST-10167,Yuki Haddad,yuki.haddad@example.com,A1,SKU-1975,APPAREL,2,15.25,0,30.5,USD,Web,PayPal,canceled,us,Texas,51229,,"Very happy with the product, left 5 star review."
ORD-50324,2024-09-25,2024-09-30,CUST-10073,Elena Fitzgerald,ELENA.FITZGERALD@EXAMPLE.COM,A1,SKU-1423,Pet Supplies,2,268.34,,536.68,CAD,Web,debit_card,pending,CA,QC,N7C 8J3,3,"Customer called twice about delayed shipment, agent waived shipping fee."
ORD-50976,2024-08-26 02:40:00,2024-08-31,CUST-10004,Sofia Doyle,sofia.doyle@example.com,X9,SKU-1766,BEAUTY,1,48.98,0,48.98,USD,mobile app,gift_card,Shipped,us,Texas,54601,3,"Customer called twice about delayed shipment, agent waived shipping fee."
ORD-50692,12/14/2024,2024-12-16,CUST-10174,Hugo Ahmed,HUGO.AHMED@EXAMPLE.COM,B1,SKU-1097,Home and Kitchen,2,264.5,0,529.0,USD,store,,returned,US,NY,48077,,"Address correction after dispatch, carrier redirect fee applied."
ORD-50486,2024-11-09,2024-11-12,CUST-10138,Andre Ahmed,aahmed@testmail.org,B2,SKU-1786,GROCERY,2,23.1,0,46.2,USD,Mobile App,debit_card,pending,USA,PA,99912,4,"Order placed in store but shipped to home, tracking confusion."
ORD-51115,2025-03-31 08:15:00,2025-04-02,CUST-10226,Lucas Nasser,lnasser@testmail.org,B2,SKU-1515,Outdoors,3,81.71,10%,245.13,USD,mobile app,credit_card,COMPLETED,us,NJ,41423,2,"Called to cancel, was already shipped. Return label sent."
ORD-51024,09/25/2024,2024-09-28,CUST-10062,Sofia Diallo,sdiallo@testmail.org,A2,SKU-1423,Beauty & Personal Care,1,921.9,0.0,921.9,USD,web,debit_card,COMPLETED,US,TX,39534,5,Wants to know if this is compatible with the 2023 model.
ORD-50395,2024-09-06,2024-09-09,CUST-10040,Maya Laurent,maya.laurent@example.com,B1,SKU-1283,Groceries,-1,24.34,0,-24.34,USD,store,CC,pending,us,NJ,47344,4,Product missing accessory listed on the page.
ORD-50283,06/05/2025,,CUST-10332,Amara Ferreira,AMARA.FERREIRA@EXAMPLE.COM,B1,SKU-1393,BEAUTY,2,86.64,5%,173.28,CAD,store,Debit,Returned,CA,QC,L2C 2H9,3,"Customer called twice about delayed shipment, agent waived shipping fee."
ORD-50227,2024-12-21,2024-12-22,CUST-10216,Zara Reyes,zreyes@testmail.org,B2,SKU-1601,Outdoors,2,35.32,0.15,70.64,USD,marketplace,,canceled,United States,CA,27191,,Asked to split delivery across two addresses - not supported.
ORD-50554,09/05/2024,2024-09-07,CUST-10279,Ethan Singh,ETHAN.SINGH@EXAMPLE.COM,,SKU-1982, Electronics,3,918.15,-5,2754.45,USD,marketplace,Gift Card,Pending,canada,AB,V7E 2E8,5,Asked to split delivery across two addresses - not supported.
ORD-50987,04/19/2024,,CUST-10038,Tomas Lindqvist,,B1,SKU-1358,Electronic,1,14.85,20 %,14.85,USD,Web,Gift Card,COMPLETED,US,MA,82051,5,Payment declined twice before going through.
ORD-50476,2025-01-17,2025-01-20,CUST-10130,Nina Tanaka,nina.tanaka@example.com,A2,SKU-1231,outdoor,3,936.71,0.0,2810.13,USD,mobile_app,credit_card,returned,US,MA,24129,4,Wants to know if this is compatible with the 2023 model.
ORD-50145,28-05-2025,2025-06-02,CUST-10201,Felix Kowalski,fkowalski@testmail.org,B2,SKU-1574,apparel,1,90.27,5%,90.27,CAD,mobile_app,debit_card,Completed,canada,MB,M7C 2A7,4,Payment declined twice before going through.
ORD-50649,03/15/2024,2024-03-16,CUST-10242,Priya Sharma,psharma@testmail.org,A2,SKU-1579,Pet supplies,1,47.07,0,47.07,USD,mobile app,PayPal,Shipped,US,MA,12216,5,Wants to know if this is compatible with the 2023 model.
ORD-51140,2024-11-12,,CUST-10135,,amara69@mailinator.com,B2,SKU-1478,APPAREL,2,33.26,0,66.52,US$,web,Debit,returned,US,CA,39559,5,"Loyalty points not applied at checkout, manual credit issued."
ORD-50122,2024-03-06,2024-03-09,CUST-10026,Chloe Tanaka,chloe9@mailinator.com,C1,SKU-1728,Apparel ,-1,10.6,0.15,-10.6,USD,WEB,,canceled,United States,PA,67536,1,Wants sustainable packaging option in future.
ORD-50985,2024-10-05,2024-10-07,CUST-10010,Noah Rossi,,C1,SKU-1415,apparel,3,944.34,0,2833.02,CAD,mobile app,,Pending,canada,NS,K2C 3E8,4,"Address correction after dispatch, carrier redirect fee applied."
ORD-50144,01/26/2025,2025-01-28,CUST-10222,Diego Fitzgerald,diego52@mailinator.com,B1,SKU-1051,Beauty,4,25.19,5%,100.76,USD,In-Store,apple_pay,Returned,US,new york,76155,2,Product missing accessory listed on the page.
ORD-50974,01/11/2025,2025-01-13,CUST-10083,Liang Kowalski,liang.kowalski@example.com,,SKU-1102,Pet Supplies,1,13.49,5%,13.49,USD,In-Store,credit_card,shipped,USA,CA,14280,4,Wants sustainable packaging option in future.
ORD-50329,2024-01-19 20:50:00,,CUST-10140,Leila Moreno,leila71@mailinator.com,X9,SKU-1037,Beauty,1,20.4,,20.4,USD,web,paypal,pending,USA,PA,12132,2,"Requested gift wrap, was not applied. Customer upset."
ORD-50102,02/23/2025,2025-02-24,CUST-10324,Yuki Muller,YUKI.MULLER@EXAMPLE.COM,B2,SKU-1733,GROCERY,2,46.82,,122.45,CAD,web,,pending,CAN,Quebec,P2J 8E9,3,Third return this quarter from this customer.
ORD-50743,2025-01-07 13:54:00,2025-01-08,CUST-10011,Lucas Lindqvist,llindqvist@testmail.org,B1,SKU-1609,Beauty,2,118.44,5%,236.88,USD,Web,paypal,Shipped,United States,california,41220,5,"Loyalty points not applied at checkout, manual credit issued."
ORD-50978,2024-08-03,2024-08-01,CUST-10179,Jonas Muller,jonas52@mailinator.com,C1,SKU-1979,BEAUTY,2,121.57,10%,243.14,USD,mobile app,PayPal,completed,USA,WA,66868,4,"Called to cancel, was already shipped. Return label sent."
ORD-51073,2025-04-16,2025-04-21,CUST-10275,Elena Rossi,,C1,SKU-1527,Grocery,1,246.06,,246.06,usd,Marketplace,PayPal,canceled,U.S.,WA,39919,3,"Address correction after dispatch, carrier redirect fee applied."
ORD-50631,"Aug 22, 2024",2024-08-23,CUST-10336,Ethan Weber,ethan46@mailinator.com,B2,SKU-1748,Home and Kitchen,1,82.99,0,82.99,CAD,in store,Credit Card,Completed,CAN,MB,N6G 4H1,5,
ORD-50867,2024-03-09 04:56:00,2024-03-10,CUST-10227,Diego Tanaka,diego.tanaka@example.com,C1,SKU-1515, Home & Kitchen ,1,848.6,,848.6,CAD,Mobile App,Gift Card,shipped,canada,AB,L4E 8H7,1,Wants sustainable packaging option in future.
ORD-50681,2024-01-29,2024-02-03,CUST-10322,Kai Kowalski,kai19@mailinator.com,A1,SKU-1334,electronics,1,251.81,0,251.81,USD,web,CC,Cancelled,United States,IL,28289,10,Item arrived damaged - box crushed. Replacement sent no charge.
ORD-50071,16-01-2025,2025-01-17,CUST-10018,Chloe Tanaka,,X9,SKU-1070,OUTDOOR,1,23.6,0,23.6,USD,Mobile App,paypal,Completed,U.S.,Fl,82494,4,Payment declined twice before going through.
ORD-50078,2025-05-17,2025-05-20,CUST-10014,Tomas Moreno,tmoreno@testmail.org,B2,SKU-1825,Pet supplies,10,232.1,0,2321.0,USD,mobile app,credit_card,completed,United States,NJ,29360,5,"Duplicate order - customer clicked submit twice, refunded one."
ORD-50005,10/28/2024,2024-10-29,CUST-10227,Diego Tanaka,diego.tanaka@example.com,B2,SKU-1440,Home & Kitchen,1,18.25,10%,18.25,,mobile app,gift_card,Cancelled,Canada,ontario,N2C 7C5,4,"Duplicate order - customer clicked submit twice, refunded one."
ORD-50869,2024-03-02,,CUST-10334,Kai Reyes,KAI.REYES@EXAMPLE.COM,A1,SKU-1292,Grocery,1,43.13,0.15,43.13,cad,Mobile App,credit_card,Shipped,Canada,B.C.,L2C 7E9,4,"Bulk order for office, asked about corporate account pricing."
ORD-50566,2024-11-10,2024-11-13,CUST-10314,Noah Singh,noah.singh@example.com,A2,SKU-1818,Home & Kitchen,3,65.81,0,197.43,CAD,mobile_app,credit_card,cancelled,CA,ON,M8A 9B7,5,"Address correction after dispatch, carrier redirect fee applied."
ORD-50697,2025-03-12,2025-03-14,CUST-10272,Hugo Alvarez,HUGO.ALVAREZ@EXAMPLE.COM,A2,SKU-1043,Clothing,0,30.36,,0.0,USD,WEB,Debit,shipped,U.S.,CA,70429,3,Wants to know if this is compatible with the 2023 model.
ORD-50113,2024-06-21,2024-06-22,CUST-10248,Ethan Costa,ethan13@mailinator.com,B1,SKU-1695,BEAUTY,2,34.02,0.15,68.04,,In-Store,gift_card,cancelled,Canada,NS,M8G 2B2,,"Duplicate order - customer clicked submit twice, refunded one."
ORD-50814,"Jan 31, 2025",2025-02-01,CUST-10305,Aisha Nakamura,aisha.nakamura@example.com,X9,SKU-1677,Home & Kitchen,1,231.59,,231.59,USD,web,debit_card,Pending,USA,PA,51442,2,Third return this quarter from this customer.
ORD-50187,05/21/2024,2024-05-24,CUST-10187,Ines Rossi,ines.rossi@example.com,B2,SKU-1771,Beauty,1,20.58,0.15,24.1,USD,mobile app,Debit,returned,us,california,99158,4,Item arrived damaged - box crushed. Replacement sent no charge.
ORD-50756,2024-10-20,2024-10-21,CUST-10044,Hugo Laurent,hugo39@mailinator.com,C1,SKU-1353,Groceries,2,234.43,0,468.86,,mobile_app,Gift Card,Cancelled,USA,NY,85051,4,"Called to cancel, was already shipped. Return label sent."
ORD-50247,2024-03-05,2024-03-07,CUST-10012,Felix Chen,FELIX.CHEN@EXAMPLE.COM,C3,SKU-1860,pet supplies,-1,65.48,0.15,-65.48,USD,mobile_app,paypal,completed,USA,TX,53724,4,"Customer says price was lower yesterday, asked for price match."
ORD-50003,09/06/2024,2024-09-07,CUST-10203,Sofia Diallo,sdiallo@testmail.org,B2,SKU-1336,electronics,-1,81.73,0.15,-81.73,cad,marketplace,credit_card,Shipped,CA,ON,L3G 5J3,3,"Customer called twice about delayed shipment, agent waived shipping fee."
ORD-50159,"Jun 08, 2024",2024-06-10,CUST-10089,Nina Reyes,nina.reyes@example.com,A1,SKU-1855,APPAREL,4,895.24,0,3580.96,USD,Marketplace,paypal,returned,US,new york,80239,1,"Called to cancel, was already shipped. Return label sent."
ORD-50738,2025-06-23 08:09:00,2025-06-25,CUST-10242,Priya Sharma,psharma@testmail.org,B2,SKU-1184,OUTDOOR,2,43.6,,87.2,CAD,Marketplace,CC,canceled,CA,ON,K2J 2J8,,
ORD-50099,2024-04-25,2024-04-26,CUST-10092,Owen Tanaka,owen51@mailinator.com,B2,SKU-1978,OUTDOOR,3,226.43,0,679.29,,in store,apple_pay,Completed,USA,GA,66734,5,"Customer says price was lower yesterday, asked for price match."
ORD-50451,2024-06-12,2024-06-14,CUST-10185,Elena Haddad,ELENA.HADDAD@EXAMPLE.COM,,SKU-1716,Outdoors,2,88.56,10%,177.12,USD,mobile_app,Credit Card,pending,U.S.,IL,29221,,"Requested gift wrap, was not applied. Customer upset."
ORD-50737,05/28/2024,2024-06-02,CUST-10090,Ravi Muller,rmuller@testmail.org,X9,SKU-1974,HOME & KITCHEN,3,,20 %,,USD,mobile_app,,pending,US,new york,52161,4,Item arrived damaged - box crushed. Replacement sent no charge.
ORD-50626,2025-01-23,2025-01-25,CUST-10193,Nina Doyle,ndoyle@testmail.org,A1,SKU-1642,grocery,1,9.43,0,12.33,USD,WEB,debit_card,shipped,US,CA,50332,4,"Requested gift wrap, was not applied. Customer upset."
ORD-50921,2024-06-20,2024-06-22,CUST-10018,Chloe Tanaka,ctanaka@testmail.org,B2,SKU-1623,pet supplies,1,62.52,0,62.52,USD,mobile_app,Debit,COMPLETED,United States,PA,46758,5,"Duplicate order - customer clicked submit twice, refunded one."
ORD-50708,2025-02-03,2025-02-04,CUST-10087,Sofia Reyes,sofia9@mailinator.com,C1,SKU-1761,Apparel,1,127.51,,127.51,,In-Store,Credit Card,Returned,us,GA,31913,5,Wants to know if this is compatible with the 2023 model.
ORD-50048,03/21/2024,2024-03-22,CUST-10091,Kai Tanaka,ktanaka@testmail.org,A2,SKU-1669,Home & Kitchen,2,22.52,10%,47.44,USD,web,Credit Card,Cancelled,U.S.,IL,59710,4,Third return this quarter from this customer.
ORD-50689,2024-10-23,2024-10-24,CUST-10270,,SOFIA.JOHNSON@EXAMPLE.COM,B2,SKU-1431,Pet supplies,1,82.22,5%,82.22,USD,mobile_app,debit_card,pending,us,GA,78310,,"Address correction after dispatch, carrier redirect fee applied."
ORD-51083,"Aug 10, 2024",2024-08-11,CUST-10320,Mateo Alvarez,MATEO.ALVAREZ@EXAMPLE.COM,C1,SKU-1036,Beauty & Personal Care,1,35.85,0,35.85,USD,Web,debit_card,Pending,US,GA,36993,5,"Customer called twice about delayed shipment, agent waived shipping fee."
ORD-50179,2024-04-09,2024-04-12,CUST-10009,Priya Doyle,pdoyle@testmail.org,B2,SKU-1064,Beauty,1,832.57,0.15,832.57,USD,Marketplace,PayPal,cancelled,CA,MB,K9B 6J4,5,"Called to cancel, was already shipped. Return label sent."
ORD-50092,"Nov 10, 2024",2024-11-12,CUST-10132,Ravi Reyes,ravi.reyes@example.com,A1,SKU-1887,Pets,3,21.78,5%,65.34,USD,marketplace,Credit Card,canceled,US,FL,35499,4,Asked to split delivery across two addresses - not supported.
ORD-50009,1708068300,2024-02-17,CUST-10110,Tomas Nasser,tomas.nasser@example.com,C1,SKU-1296,Grocery,1,,0,,USD,store,CC,COMPLETED,United States,NJ,59834,5,"Customer says price was lower yesterday, asked for price match."
ORD-50962,2024-02-12,2024-02-10,CUST-10252,Leila Reyes,,,SKU-1026,Pets,2,26.28,0.0,52.56,CAD,Web,credit_card,Completed,Canada,NS,N6G 1H1,5,"Very happy with the product, left 5 star review."
ORD-50279,2025-04-16 10:09:00,2025-04-17,CUST-10198,Leila Doyle,leila10@mailinator.com,C1,SKU-1149,BEAUTY,4,977.02,0,2931.06,CAD,web,apple_pay,shipped,CAN,QC,M9H 2C8,5,"Bulk order for office, asked about corporate account pricing."
ORD-50767,2024-01-31,2024-02-01,CUST-10084,Andre Haddad,andre.haddad@example.com,B1,SKU-1656,OUTDOOR,2,965.55,5%,1931.1,USD,Web,Credit Card,Cancelled,U.S.,Fl,80757,1,"Called to cancel, was already shipped. Return label sent."
ORD-50788,"Oct 15, 2024",2024-10-16,CUST-10338,Jonas Singh,jonas93@mailinator.com,A2,SKU-1735,ELECTRONICS,3,915.28,0,2745.84,cad,Marketplace,paypal,returned,Canada,MB,L5J 5J6,4,Asked to split delivery across two addresses - not supported.
ORD-50579,2024-01-23,2024-02-01,CUST-10253,Liang Fitzgerald,lfitzgerald@testmail.org,C3,SKU-1267,Electronics,1,228.07,5%,244.16,USD,Marketplace,,pending,US,WA,10993,3,Return window question - purchased as holiday gift.
ORD-51047,17-10-2024,2024-10-18,CUST-10078,Grace Lindqvist,grace.lindqvist@example.com,C3,SKU-1594,apparel,5,123.58,0,617.9,USD,store,debit_card,Pending,US,MA,53624,4,Third return this quarter from this customer.
ORD-50185,2025-02-07 15:51:00,2025-02-12,CUST-10302,Chloe Muller,chloe84@mailinator.com,A1,SKU-1709,Clothing,5,65.75,5%,328.75,CAD,WEB,paypal,Shipped,canada,B.C.,L2A 8H5,3,"Very happy with the product, left 5 star review."
ORD-50688,"Mar 09, 2024",2024-03-11,CUST-10177,Marcus Fitzgerald,MARCUS.FITZGERALD@EXAMPLE.COM,C1,SKU-1458,APPAREL,1,15.88,10%,15.88,USD,mobile_app,paypal,pending,U.S.,PA,38157,4,"Duplicate order - customer clicked submit twice, refunded one."
ORD-50838,"Apr 23, 2024",2024-04-24,CUST-10290,Owen Petrova,,X9,SKU-1794,Beauty,2,97.71,0,195.42,CAD,Mobile App,apple_pay,completed,CAN,AB,K4B 4C5,3,Product missing accessory listed on the page.
ORD-50726,2024-10-09,2024-10-18,CUST-10083,Liang Kowalski,liang.kowalski@example.com,,SKU-1765,home & kitchen,1,89.9,5%,89.9,USD,Marketplace,Gift Card,Cancelled,us,NY,15975,5,"Requested gift wrap, was not applied. Customer upset."
ORD-50779,2025-02-27 10:04:00,2025-03-02,CUST-10273,Leila Johnson,LEILA.JOHNSON@EXAMPLE.COM,C3,SKU-1091,beauty,3,49.38,0.15,148.14,usd,Marketplace,CC,returned,US,california,87737,4,"Loyalty points not applied at checkout, manual credit issued."
ORD-50300,2024-10-11 04:17:00,2024-10-12,CUST-10112,Tomas Chen,tomas48@mailinator.com,A2,SKU-1001,ELECTRONICS,1,18.89,-5,37.78,USD,mobile app,paypal,Pending,U.S.,NY,81994,4,"Duplicate order - customer clicked submit twice, refunded one."
ORD-50510,2025-03-02 00:32:00,2025-03-07,CUST-10020,Jonas Tanaka,jonas.tanaka@example.com,A1,SKU-1508,Apparel ,1,9.85,0.15,9.85,usd,Marketplace,Gift Card,Shipped,U.S.,NJ,25187,,Asked to split delivery across two addresses - not supported.
ORD-50388,2024-05-22,,CUST-10205,Noah Iyer,NOAH.IYER@EXAMPLE.COM,C3,SKU-1469,Outdoor,1,21.68,20 %,21.68,,Marketplace,CC,shipped,us,FL,32553,4,Wants to know if this is compatible with the 2023 model.
ORD-50041,"Jun 07, 2024",2024-06-10,CUST-10011,Lucas Lindqvist,llindqvist@testmail.org,A1,SKU-1246, Electronics,2,118.18,0,236.36,USD,web,gift_card,Returned,USA,FL,98083,5,Item arrived damaged - box crushed. Replacement sent no charge.
ORD-50644,2025-01-17 19:22:00,2025-01-26,CUST-10265,Owen Muller,owen.muller@example.com,B1,SKU-1655,Groceries,1,10.19,10%,10.19,CAD,mobile_app,apple_pay,shipped,canada,AB,P3A 5C8,5,"Customer says price was lower yesterday, asked for price match."
ORD-50853,2025-05-25 05:20:00,2025-05-30,CUST-10245,Maya Diallo,MAYA.DIALLO@EXAMPLE.COM,B1,SKU-1922,PET SUPPLIES,2,20.55,5%,41.1,USD,in store,credit_card,completed,U.S.,IL,45901,2,"Duplicate order - customer clicked submit twice, refunded one."
ORD-50408,11/02/2024,2024-11-04,CUST-10000,Camille Bergman,cbergman@testmail.org,A2,SKU-1774, Electronics,2,91.33,10%,182.66,USD,mobile app,Gift Card,canceled,United States,NJ,74983,3,Wants to know if this is compatible with the 2023 model.
ORD-50575,2024-04-05,2024-04-06,CUST-10313,Owen Costa,OWEN.COSTA@EXAMPLE.COM,A2,SKU-1887,grocery,4,245.77,0,1228.85,USD,In-Store,PayPal,Shipped,USA,new york,96531,3,"Requested gift wrap, was not applied. Customer upset."
ORD-50019,2025-06-03,2025-06-05,CUST-10123,Owen Doyle,odoyle@testmail.org,A1,SKU-1365,OUTDOOR,1,824.49,10%,824.49,USD,Marketplace,,Completed,US,NJ,86271,5,"Sizing runs small per customer, exchanged for larger size."
ORD-50994,07/26/2024,2024-07-29,CUST-10220,Leila Johnson,LEILA.JOHNSON@EXAMPLE.COM,,SKU-1416,grocery,3,93.07,10%,279.21,CAD,Mobile App,Debit,COMPLETED,Canada,ON,N9E 4J6,4,Item arrived damaged - box crushed. Replacement sent no charge.
ORD-50551,2024-09-26,2024-09-28,CUST-10024,Jonas Haddad,jonas.haddad@example.com,C3,SKU-1732,Clothing,3,228.33,0,922.92,,store,Credit Card,canceled,US,WA,81393,,"Very happy with the product, left 5 star review."
ORD-50777,1718532840,2024-06-19,CUST-10333,Yuki Okafor,yuki.okafor@example.com,A2,SKU-1013,Pet supplies,4,9.61,5%,46.0,USD,mobile_app,,COMPLETED,U.S.,GA,19604,4,Payment declined twice before going through.
ORD-50315,2024-01-09,2024-01-11,CUST-10211,Yuki Ahmed,yuki58@mailinator.com,,SKU-1685,OUTDOOR,1,816.77,5%,816.77,USD,Marketplace,Gift Card,canceled,US,california,24302,2,"Requested gift wrap, was not applied. Customer upset."
ORD-50258,10-01-2024,2024-01-12,CUST-10096,Sofia Novak,snovak@testmail.org,C1,SKU-1333,Beauty & Personal Care,1,95.28,0,95.28,CAD,web,CC,COMPLETED,CAN,BC,M7E 4E2,5,"Bulk order for office, asked about corporate account pricing."
ORD-51077,"Jun 10, 2025",2025-06-15,CUST-10165,Camille Fitzgerald,CAMILLE.FITZGERALD@EXAMPLE.COM,B1,SKU-1706,pet supplies,2,55.6,,111.2,USD,Marketplace,paypal,COMPLETED,US,GA,18087,10,Wants sustainable packaging option in future.
ORD-50668,12/04/2024,2024-12-09,CUST-10148,Sofia Ferreira,sofia97@mailinator.com,C3,SKU-1073,ELECTRONICS,1,9.6,0,9.6,USD,mobile_app,,canceled,United States,NJ,75121,4,"Address correction after dispatch, carrier redirect fee applied."
ORD-50000,2024-06-28 06:08:00,2024-07-07,CUST-10158,Liang Novak,liang.novak@example.com,B1,SKU-1263,Groceries,1,47.09,0.0,47.09,cad,Mobile App,paypal,Completed,Canada,NS,N2B 4J7,10,"Order placed in store but shipped to home, tracking confusion."
ORD-50618,2024-05-24 15:12:00,2024-05-29,CUST-10304,Hugo Bergman,hugo.bergman@example.com,A2,SKU-1036,ELECTRONICS,10,14.25,0,194.13,USD,mobile app,Gift Card,pending,us,Texas,90055,4,"Address correction after dispatch, carrier redirect fee applied."
ORD-51091,2024-12-28 21:26:00,2024-12-29,CUST-10013,,tomas.bergman@example.com,X9,SKU-1658,APPAREL,4,858.13,0,3432.52,usd,WEB,debit_card,returned,U.S.,MA,59336,5,Third return this quarter from this customer.
ORD-50359,2024-09-21 08:16:00,2024-09-22,CUST-10284,Leila Alvarez,leila.alvarez@example.com,A1,SKU-1238,Apparel ,1,13.85,10%,13.85,USD,Marketplace,Gift Card,canceled,U.S.,CA,86007,4,"Order placed in store but shipped to home, tracking confusion."
ORD-50748,2024-02-20,2024-02-29,CUST-10181,Kai Dubois,kai.dubois@example.com,B1,SKU-1383,HOME & KITCHEN,1,25.06,5%,25.06,CAD,WEB,CC,Completed,CA,MB,P9B 5H6,5,"Order placed in store but shipped to home, tracking confusion."
ORD-50517,2025-02-19,2025-02-22,CUST-10026,Chloe Tanaka,chloe9@mailinator.com,B1,SKU-1189,Apparel,1,225.19,5%,225.19,usd,Web,,completed,US,GA,71645,3,"Duplicate order - customer clicked submit twice, refunded one."
ORD-51099,2024-06-25,2024-06-26,CUST-10247,Diego Kowalski,diego.kowalski@example.com,B1,SKU-1773,Electronic,2,88.26,10%,176.52,CAD,marketplace,credit_card,Returned,CA,BC,N7E 1B9,4,"Bulk order for office, asked about corporate account pricing."
ORD-50024,2024-06-27,,CUST-10227,Diego Tanaka,diego.tanaka@example.com,C3,SKU-1567,HOME & KITCHEN,2,14.64,0.15,29.28,USD,in store,CC,Returned,U.S.,Fl,21300,2,Asked to split delivery across two addresses - not supported.
ORD-50829,09-12-2024,2024-12-18,CUST-10100,Ethan Weber,ethan.weber@example.com,C1,SKU-1807, Home & Kitchen ,1,18.77,0,18.77,,In-Store,credit_card,Completed,canada,NS,M2C 6H3,1,Asked to split delivery across two addresses - not supported.
ORD-50302,2024-07-04 14:11:00,2024-07-05,CUST-10104,Yuki Moreno,yuki78@mailinator.com,C1,SKU-1021,OUTDOOR,1,25.1,5%,25.1,USD,store,,Returned,USA,GA,34621,2,Wants to know if this is compatible with the 2023 model.
ORD-50386,08/03/2024,2024-08-04,CUST-10147,Jonas Rossi,jrossi@testmail.org,B1,SKU-1478,APPAREL,3,121.24,0,363.72,USD,store,,Returned,U.S.,CA,14436,4,"Requested gift wrap, was not applied. Customer upset."
ORD-50250,09-01-2024,2024-01-10,CUST-10299,Leila Fitzgerald,LEILA.FITZGERALD@EXAMPLE.COM,A1,SKU-1432,BEAUTY,1,126.61,0,126.61,CAD,Marketplace,debit_card,Completed,Canada,NS,M4H 8H8,5,"Sizing runs small per customer, exchanged for larger size."
ORD-50651,03/12/2025,2025-03-13,CUST-10317,Felix Chen,fchen@testmail.org,X9,SKU-1691,Beauty & Personal Care,2,890.71,10%,1781.42,CAD,mobile app,apple_pay,returned,canada,AB,P8H 9E6,3,
ORD-50488,03/13/2025,2025-03-15,CUST-10130,Nina Tanaka,nina.tanaka@example.com,C3,SKU-1778,Beauty & Personal Care,10,122.01,0.0,1220.1,CAD,Web,Debit,Completed,canada,AB,P9C 3J2,,Product missing accessory listed on the page.
ORD-50421,"Jun 11, 2025",2025-06-12,CUST-10336,Ethan Weber,ethan46@mailinator.com,A2,SKU-1255,Outdoors,10,937.89,0,9378.9,USD,Marketplace,Debit,cancelled,us,FL,70574,5,Wants sustainable packaging option in future.
ORD-51084,2025-02-04 11:03:00,2025-02-06,CUST-10127,Lucas Laurent,LUCAS.LAURENT@EXAMPLE.COM,,SKU-1155,ELECTRONICS,2,54.32,0,108.64,USD,mobile_app,Credit Card,Cancelled,U.S.,NJ,13420,,Third return this quarter from this customer.
ORD-50093,2024-07-03,,CUST-10211,Yuki Ahmed,yuki58@mailinator.com,B2,SKU-1779,home & kitchen,1,23.24,0,23.24,USD,WEB,gift_card,Completed,United States,TX,26961,5,
ORD-50477,2024-10-29,2024-11-03,CUST-10156,Maya Iyer,maya29@mailinator.com,X9,SKU-1967,Apparel ,1,24.2,0,29.57,CAD,marketplace,Debit,cancelled,CAN,ON,N6B 5E8,5,"Called to cancel, was already shipped. Return label sent."
ORD-50854,2024-01-30 12:11:00,2024-02-02,CUST-10169,Leila Sharma,leila91@mailinator.com,,SKU-1062,electronics,10,61.19,0.0,611.9,USD,mobile_app,,COMPLETED,U.S.,MA,91341,5,"Asked about warranty length, unclear on product page."
ORD-50908,"Aug 10, 2024",2024-08-15,CUST-10106,Aisha Johnson,,C1,SKU-1806,Beauty,1,119.47,0,144.56,USD,In-Store,PayPal,shipped,US,TX,38627,1,"Requested gift wrap, was not applied. Customer upset."
ORD-50952,03/14/2024,2024-03-16,CUST-10333,Yuki Okafor,yuki.okafor@example.com,X9,SKU-1243,Home and Kitchen,2,,0,,cad,web,apple_pay,shipped,canada,NS,M9J 3A2,4,"Bulk order for office, asked about corporate account pricing."
ORD-50775,2024-05-18,2024-05-21,CUST-10240,Noah Ferreira,NOAH.FERREIRA@EXAMPLE.COM,B2,SKU-1344,Apparel,2,118.43,10%,236.86,USD,In-Store,PayPal,Cancelled,United States,IL,89774,10,"Requested gift wrap, was not applied. Customer upset."
ORD-50096,"May 20, 2024",2024-05-22,CUST-10129,Amara Bergman,amara34@mailinator.com,,SKU-1203,beauty,1,922.43,10%,922.43,USD,in store,debit_card,cancelled,US,new york,63707,4,Item arrived damaged - box crushed. Replacement sent no charge.
ORD-50910,2024-05-28,2024-05-31,CUST-10308,Ethan Nasser,ethan.nasser@example.com,B2,SKU-1286,pet supplies,1,24.91,5%,24.91,cad,web,PayPal,Pending,Canada,BC,V3G 2A9,4,"Duplicate order - customer clicked submit twice, refunded one."
ORD-50320,2024-04-11 02:51:00,2024-04-12,CUST-10090,Ravi Muller,rmuller@testmail.org,A2,SKU-1648,outdoor,2,57.41,0,114.82,USD,web,,Shipped,United States,new york,65134,3,"Very happy with the product, left 5 star review."
ORD-50407,2024-03-26,2024-03-29,CUST-10297,Lucas Haddad,,X9,SKU-1881,Beauty & Personal Care,1,9.63,5%,9.63,USD,In-Store,,shipped,USA,GA,87193,5,"Asked about warranty length, unclear on product page."
ORD-51071,08/15/2024,2024-08-20,CUST-10115,Grace Muller,grace.muller@example.com,C3,SKU-1491,GROCERY,1,15.82,0.15,15.82,CAD,WEB,debit_card,pending,CAN,B.C.,L8E 1A5,4,"Sizing runs small per customer, exchanged for larger size."
ORD-50685,2024-02-09 12:09:00,2024-02-10,CUST-10201,Felix Kowalski,fkowalski@testmail.org,,SKU-1140,BEAUTY,2,60.69,0,121.38,USD,WEB,CC,COMPLETED,U.S.,TX,26368,5,"Sizing runs small per customer, exchanged for larger size."
ORD-50163,12-03-2025,2025-03-21,CUST-10173,Zara Singh,zara.singh@example.com,C3,SKU-1319,OUTDOOR,1,9.93,10%,9.93,USD,Marketplace,Gift Card,Completed,US,WA,71039,5,Wants to know if this is compatible with the 2023 model.
ORD-50280,2024-07-02,,CUST-10192,Owen Sharma,owen.sharma@example.com,X9,SKU-1345,HOME & KITCHEN,1,25.67,10%,25.67,USD,mobile app,PayPal,Cancelled,USA,california,19414,5,Return window question - purchased as holiday gift.
ORD-50659,2024-09-22,2024-09-23,CUST-10284,Leila Alvarez,leila.alvarez@example.com,A1,SKU-1906,Beauty,5,235.91,0,1179.55,CAD,mobile_app,PayPal,COMPLETED,Canada,B.C.,V3A 4B5,4,"Address correction after dispatch, carrier redirect fee applied."
ORD-50762,2025-03-29,2025-03-30,CUST-10060,Leila Laurent,leila8@mailinator.com,A1,SKU-1485,PET SUPPLIES,1,963.09,0,963.09,usd,marketplace,CC,returned,US,NJ,90702,2,"Called to cancel, was already shipped. Return label sent."
ORD-50747,"May 25, 2024",2024-05-27,CUST-10205,Noah Iyer,,B1,SKU-1675,Apparel ,4,32.58,0.0,130.32,CAD,Mobile App,paypal,COMPLETED,canada,MB,M1B 3H2,2,"Customer says price was lower yesterday, asked for price match."
ORD-50815,2025-05-13 14:15:00,2025-05-18,CUST-10261,Leila Dubois,LEILA.DUBOIS@EXAMPLE.COM,A2,SKU-1330,OUTDOOR,4,26.38,,105.52,CAD,Marketplace,paypal,canceled,Canada,Quebec,V1C 3H2,5,"Asked about warranty length, unclear on product page."
ORD-50321,2025-02-09 00:23:00,2025-02-11,CUST-10058,Fatima Okafor,fatima76@mailinator.com,X9,SKU-1689,Apparel ,10,49.21,0,492.1,USD,store,credit_card,completed,United States,Fl,13440,3,Payment declined twice before going through.
ORD-50753,"Feb 17, 2024",2024-02-18,CUST-10090,,rmuller@testmail.org,X9,SKU-1113,apparel,1,81.77,5%,81.77,usd,web,gift_card,Cancelled,USA,WA,27013,4,"Bulk order for office, asked about corporate account pricing."
ORD-50624,03/14/2025,,CUST-10155,Zara Singh,zara.singh@example.com,A2,SKU-1978,Grocery,1,230.92,0,230.92,USD,marketplace,apple_pay,COMPLETED,CAN,ON,P6C 4C6,3,Payment declined twice before going through.
ORD-51146,2025-03-10,2025-03-13,CUST-10316,Zara Okafor,zokafor@testmail.org,A2,SKU-1035, Home & Kitchen ,2,24.6,5%,49.2,USD,Marketplace,apple_pay,canceled,canada,ON,L6G 7E5,,"Bulk order for office, asked about corporate account pricing."
ORD-50863,2024-10-13,2024-10-18,CUST-10094,Fatima Nakamura,fatima.nakamura@example.com,X9,SKU-1321,Beauty & Personal Care,4,25.78,0,103.12,USD,In-Store,PayPal,Shipped,USA,GA,79328,4,Return window question - purchased as holiday gift.
ORD-50873,03/09/2024,2024-03-10,CUST-10081,Ravi Nasser,RAVI.NASSER@EXAMPLE.COM,B2,SKU-1004,Beauty & Personal Care,2,14.41,0.0,28.82,USD,web,CC,returned,United States,MA,54691,3,"Very happy with the product, left 5 star review."
ORD-50343,2025-06-14,2025-06-15,CUST-10289,Ravi Ferreira,RAVI.FERREIRA@EXAMPLE.COM,A2,SKU-1841,Electronics,3,55.5,,166.5,USD,mobile app,credit_card,Completed,United States,Texas,86626,5,Item arrived damaged - box crushed. Replacement sent no charge.
ORD-51117,09/22/2024,2024-09-27,CUST-10158,Liang Novak,liang.novak@example.com,X9,SKU-1083,BEAUTY,1,10.8,5%,10.8,USD,mobile app,credit_card,shipped,US,FL,85307,5,Asked to split delivery across two addresses - not supported.
ORD-50270,2024-07-13 00:00:00,2024-07-18,CUST-10237,Noah Lindqvist,nlindqvist@testmail.org,X9,SKU-1993, Electronics,1,122.54,0.0,122.54,CAD,Mobile App,,Returned,CAN,Quebec,K7A 2E3,3,Product missing accessory listed on the page.
ORD-50292,06/11/2025,2025-06-14,CUST-10127,Lucas Laurent,LUCAS.LAURENT@EXAMPLE.COM,C3,SKU-1305,Grocery,1,,5%,,USD,WEB,PayPal,cancelled,canada,AB,K2E 8B2,5,"Duplicate order - customer clicked submit twice, refunded one."
ORD-50648,2024-08-22 17:19:00,2024-08-25,CUST-10272,,HUGO.ALVAREZ@EXAMPLE.COM,B2,SKU-1793,HOME & KITCHEN,1,85.01,0,85.01,USD,web,Gift Card,Shipped,US,GA,97027,4,"Called to cancel, was already shipped. Return label sent."
ORD-50958,26-09-2024,2024-09-29,CUST-10225,Ravi Costa,rcosta@testmail.org,,SKU-1673,Beauty & Personal Care,1,45.74,0,45.74,CAD,store,apple_pay,COMPLETED,CA,NS,L1J 5J1,4,"Customer says price was lower yesterday, asked for price match."
ORD-50323,2024-03-21,2024-03-26,CUST-10104,Yuki Moreno,yuki78@mailinator.com,B1,SKU-1245,Home & Kitchen,1,10.25,-5,10.25,USD,mobile_app,Gift Card,shipped,US,PA,59559,5,Item arrived damaged - box crushed. Replacement sent no charge.
ORD-50837,05/22/2024,2024-05-27,CUST-10296,Hugo Sharma,HUGO.SHARMA@EXAMPLE.COM,C1,SKU-1517,grocery,1,31.73,10%,31.73,USD,Marketplace,Credit Card,COMPLETED,USA,PA,94152,4,Asked to split delivery across two addresses - not supported.
ORD-50465,2024-05-31,2024-06-01,CUST-10005,Tomas Doyle,TOMAS.DOYLE@EXAMPLE.COM,,SKU-1282,ELECTRONICS,1,29.64,0.0,29.64,USD,Mobile App,CC,Returned,United States,CA,26847,4,"Customer called twice about delayed shipment, agent waived shipping fee."
ORD-50988,05/03/2025,2025-05-06,CUST-10116,Lucas Singh,LUCAS.SINGH@EXAMPLE.COM,C3,SKU-1936,pet supplies,-1,95.08,0,-95.08,usd,store,debit_card,Returned,us,new york,94662,4,Return window question - purchased as holiday gift.
ORD-50636,"Apr 10, 2024",2024-04-11,CUST-10175,Marcus Okafor,mokafor@testmail.org,A2,SKU-1673,Pets,3,33.89,0,101.67,cad,Mobile App,debit_card,shipped,CA,B.C.,P6J 4B5,10,"Address correction after dispatch, carrier redirect fee applied."
ORD-50638,2024-10-14,2024-10-15,CUST-10241,Marcus Rossi,,C3,SKU-1947,GROCERY,1,263.84,0,263.84,USD,Mobile App,Gift Card,Completed,US,WA,54786,3,Asked to split delivery across two addresses - not supported.
ORD-51098,2025-05-31 07:03:00,2025-06-02,CUST-10213,Fatima Okafor,fokafor@testmail.org,,SKU-1217,Home & Kitchen,1,57.08,0.15,57.08,US$,Marketplace,Gift Card,returned,US,CA,95397,5,"Address correction after dispatch, carrier redirect fee applied."
ORD-50051,01/24/2025,2025-01-29,CUST-10299,Leila Fitzgerald,,C1,SKU-1455,PET SUPPLIES,1,239.76,0,239.76,CAD,WEB,Credit Card,COMPLETED,CA,QC,N8G 9G7,3,Wants to know if this is compatible with the 2023 model.
ORD-50366,2024-06-18,2024-06-20,CUST-10091,Kai Tanaka,ktanaka@testmail.org,A2,SKU-1946,Apparel,3,23.67,,71.01,CAD,Web,debit_card,returned,Canada,QC,P3A 1G9,5,"Customer called twice about delayed shipment, agent waived shipping fee."
ORD-50233,10/17/2024,2024-10-19,CUST-10101,Jonas Ferreira,,C1,SKU-1247,Electronics,1,44.01,0,44.01,US$,store,Gift Card,Completed,USA,NJ,17857,,"Loyalty points not applied at checkout, manual credit issued."
ORD-50620,2024-12-08 01:28:00,2024-12-17,CUST-10162,Zara Alvarez,ZARA.ALVAREZ@EXAMPLE.COM,C3,SKU-1360,grocery,1,983.33,10%,983.33,USD,WEB,debit_card,Returned,USA,NJ,33956,5,"Customer called twice about delayed shipment, agent waived shipping fee."
ORD-50742,2025-03-15 01:08:00,2025-03-18,CUST-10044,Hugo Laurent,hugo39@mailinator.com,,SKU-1883,Clothing,1,56.66,5%,56.66,USD,mobile app,debit_card,Returned,U.S.,Texas,74127,4,
ORD-51000,2025-04-01,2025-04-02,CUST-10148,Sofia Ferreira,,A1,SKU-1763,Apparel,1,123.83,0,123.83,USD,web,Credit Card,Shipped,U.S.,new york,64735,5,Item arrived damaged - box crushed. Replacement sent no charge.
ORD-51124,08/10/2024,2024-08-12,CUST-10207,Andre Diallo,adiallo@testmail.org,A1,SKU-1259,Grocery,-1,40.78,0,-40.78,cad,store,credit_card,returned,CA,BC,V2H 8A5,1,"Order placed in store but shipped to home, tracking confusion."
ORD-50350,07/31/2024,2024-08-02,CUST-10208,Ethan Weber,ETHAN.WEBER@EXAMPLE.COM,A2,SKU-1449,Outdoor,1,940.35,10%,940.35,USD,Web,apple_pay,Completed,us,GA,26671,5,Return window question - purchased as holiday gift.
ORD-50622,2024-01-01,2024-01-03,CUST-10012,Felix Chen,FELIX.CHEN@EXAMPLE.COM,A1,SKU-1010,BEAUTY,5,47.86,0,239.3,USD,web,Credit Card,cancelled,US,new york,24548,4,"Address correction after dispatch, carrier redirect fee applied."
ORD-51040,2024-05-29 16:23:00,,CUST-10024,Jonas Haddad,jonas.haddad@example.com,A2,SKU-1559,grocery,1,896.44,5%,896.44,USD,mobile_app,apple_pay,canceled,us,new york,61894,5,Item arrived damaged - box crushed. Replacement sent no charge.
ORD-50868,2024-09-16,2024-09-18,CUST-10276,Fatima Bergman,FATIMA.BERGMAN@EXAMPLE.COM,C3,SKU-1939,OUTDOOR,2,824.53,,1649.06,CAD,web,Credit Card,shipped,CA,NS,L5G 6J2,,"Bulk order for office, asked about corporate account pricing."
ORD-50847,2024-06-14,2024-06-15,CUST-10274,Ines Singh,,C1,SKU-1482,Apparel,2,18.76,0,40.61,usd,mobile_app,paypal,Returned,US,MA,87470,5,Item arrived damaged - box crushed. Replacement sent no charge.
ORD-50936,2024-10-19,2024-10-21,CUST-10034,Sofia Singh,sofia.singh@example.com,B1,SKU-1068,electronics,3,21.62,0,64.86,CAD,mobile_app,Credit Card,returned,CAN,Quebec,N7A 5E5,4,"Customer says price was lower yesterday, asked for price match."
ORD-51028,04/11/2025,2025-04-13,CUST-10089,Nina Reyes,nina.reyes@example.com,A2,SKU-1577,Outdoors,1,254.46,5%,254.46,USD,Mobile App,gift_card,Shipped,United States,Texas,99415,2,Wants to know if this is compatible with the 2023 model.
ORD-50790,2024-04-06,2024-04-08,CUST-10101,Jonas Ferreira,jferreira@testmail.org,C1,SKU-1076,Pet Supplies,1,24.86,5%,24.86,USD,Mobile App,gift_card,Returned,US,WA,44779,2,Asked to split delivery across two addresses - not supported.
ORD-50655,06/21/2025,2025-06-24,CUST-10270,Sofia Johnson,SOFIA.JOHNSON@EXAMPLE.COM,X9,SKU-1673,Apparel ,1,23.65,0,23.65,CAD,mobile app,Debit,Shipped,CA,NS,V4C 5J2,5,Return window question - purchased as holiday gift.
ORD-50128,2025-06-13,2025-06-15,CUST-10284,Leila Alvarez,,A2,SKU-1707,Beauty & Personal Care,1,19.88,0,19.88,CAD,Mobile App,gift_card,pending,canada,Quebec,K8H 6C6,4,"Order placed in store but shipped to home, tracking confusion."
ORD-50098,1714134300,2024-04-27,CUST-10087,Sofia Reyes,sofia9@mailinator.com,B1,SKU-1115,ELECTRONICS,5,238.41,0.0,1192.05,USD,WEB,Credit Card,Cancelled,U.S.,Fl,87430,4,"Called to cancel, was already shipped. Return label sent."
ORD-50181,2024-03-31 20:52:00,2024-04-02,CUST-10105,Leila Haddad,lhaddad@testmail.org,A2,SKU-1633,APPAREL,2,56.86,0,113.72,cad,in store,Gift Card,shipped,CA,BC,N4C 1B2,5,Third return this quarter from this customer.
ORD-51050,2024-05-30 03:00:00,2024-05-31,CUST-10121,Yuki Alvarez,yuki.alvarez@example.com,A1,SKU-1886,grocery,2,962.86,5%,1925.72,cad,WEB,Gift Card,shipped,CAN,ontario,V8E 5B8,5,"Sizing runs small per customer, exchanged for larger size."
ORD-50750,2024-05-18,2024-05-23,CUST-10183,Hugo Petrova,hugo.petrova@example.com,B1,SKU-1371,Pets,2,112.12,0,224.24,USD,Marketplace,paypal,Pending,United States,california,58920,2,"Called to cancel, was already shipped. Return label sent."
ORD-50883,31-03-2024,2024-03-29,CUST-10178,Marcus Okafor,,X9,SKU-1509,GROCERY,3,34.51,10%,103.53,USD,marketplace,Gift Card,Shipped,U.S.,california,28285,2,"Called to cancel, was already shipped. Return label sent."
ORD-50210,02-04-2024,2024-04-03,CUST-10042,Amara Costa,acosta@testmail.org,C1,SKU-1508,Electronic,1,15.66,0,15.66,USD,Web,paypal,cancelled,U.S.,new york,86588,5,"Customer says price was lower yesterday, asked for price match."
ORD-50188,"Mar 08, 2024",2024-03-09,CUST-10248,Ethan Costa,ethan13@mailinator.com,A2,SKU-1111,Outdoor,2,124.28,0.0,297.23,USD,WEB,gift_card,COMPLETED,U.S.,GA,36772,5,
ORD-51121,"Feb 13, 2024",2024-02-18,CUST-10042,Amara Costa,acosta@testmail.org,B2,SKU-1489,Clothing,1,18.29,0,18.29,,In-Store,gift_card,cancelled,Canada,BC,P9C 7B8,4,"Customer called twice about delayed shipment, agent waived shipping fee."
ORD-51026,2024-04-28 02:19:00,2024-04-29,CUST-10266,Maya Muller,maya.muller@example.com,A1,SKU-1328,electronics,3,886.27,0,2658.81,USD,mobile app,paypal,Pending,us,WA,55576,5,Item arrived damaged - box crushed. Replacement sent no charge.
ORD-50084,19-06-2025,2025-06-17,CUST-10049,Owen Chen,owen.chen@example.com,X9,SKU-1924,HOME & KITCHEN,3,65.64,5%,196.92,usd,marketplace,Gift Card,Returned,us,NY,98805,n/a,"Duplicate order - customer clicked submit twice, refunded one."
ORD-50114,2024-08-05,2024-08-14,CUST-10100,Ethan Weber,ethan.weber@example.com,X9,SKU-1228,Electronics,3,10.69,5%,32.07,USD,Mobile App,CC,canceled,us,PA,75683,4,Asked to split delivery across two addresses - not supported.
ORD-50212,2024-08-29 09:13:00,2024-08-30,CUST-10185,Elena Haddad,ELENA.HADDAD@EXAMPLE.COM,X9,SKU-1808,Grocery,2,25.72,0.0,51.44,USD,In-Store,gift_card,Pending,United States,IL,64127,,"Sizing runs small per customer, exchanged for larger size."
ORD-50109,2024-01-08,2024-01-11,CUST-10191,Ines Okafor,ines80@mailinator.com,B2,SKU-1550,OUTDOOR,2,35.36,0,93.91,CAD,store,,Completed,CA,QC,V3A 8H6,1,Wants to know if this is compatible with the 2023 model.
ORD-50562,2024-09-24,2024-09-27,CUST-10250,Mateo Fitzgerald,mateo.fitzgerald@example.com,A2,SKU-1948,Outdoors,10,115.79,0,1157.9,USD,marketplace,gift_card,COMPLETED,United States,Texas,16145,3,"Sizing runs small per customer, exchanged for larger size."
ORD-50676,2025-05-10 13:57:00,2025-05-12,CUST-10223,Diego Muller,dmuller@testmail.org,X9,SKU-1181,apparel,1,131.83,10%,131.83,CAD,store,Gift Card,Shipped,canada,AB,K1A 4B9,5,"Bulk order for office, asked about corporate account pricing."
ORD-50130,2024-10-04 14:49:00,2024-10-06,CUST-10036,Ethan Rossi,ETHAN.ROSSI@EXAMPLE.COM,B1,SKU-1874,,1,43.35,5%,43.35,USD,Marketplace,Debit,Pending,U.S.,PA,20494,3,Asked to split delivery across two addresses - not supported.
ORD-51143,04/18/2024,2024-04-19,CUST-10310,Fatima Laurent,FATIMA.LAURENT@EXAMPLE.COM,C1,SKU-1511, Home & Kitchen ,4,14.1,0,56.4,CAD,Mobile App,apple_pay,Returned,CA,QC,K2A 9E2,5,Asked to split delivery across two addresses - not supported.
ORD-50133,2025-03-23,2025-03-28,CUST-10244,Ethan Reyes,ethan80@mailinator.com,X9,SKU-1640,Electronics,3,33.39,0.0,100.17,USD,marketplace,,Shipped,us,MA,47313,5,"Order placed in store but shipped to home, tracking confusion."
ORD-50217,2024-02-12,2024-02-14,CUST-10181,Kai Dubois,kai.dubois@example.com,C3,SKU-1727,Outdoor,1,122.87,,122.87,USD,Web,paypal,completed,United States,new york,26760,4,"Loyalty points not applied at checkout, manual credit issued."
ORD-50956,2024-06-11,2024-06-12,CUST-10182,Sofia Laurent,sofia55@mailinator.com,C1,SKU-1295,electronics,2,,10%,,USD,in store,apple_pay,completed,U.S.,NJ,72979,,Wants to know if this is compatible with the 2023 model.
ORD-50581,2025-04-05 12:17:00,2025-04-06,CUST-10060,Leila Laurent,leila8@mailinator.com,A2,SKU-1831,Grocery,1,10.6,0,10.6,USD,Web,CC,Returned,United States,NJ,13995,,"Requested gift wrap, was not applied. Customer upset."
ORD-50927,2024-06-20,2024-06-22,CUST-10248,Ethan Costa,,B2,SKU-1551,ELECTRONICS,1,35.38,0,35.38,USD,In-Store,PayPal,Pending,United States,CA,32600,5,Return window question - purchased as holiday gift.
ORD-50326,2025-02-13,2025-02-16,CUST-10246,Kai Petrova,KAI.PETROVA@EXAMPLE.COM,C1,SKU-1169,Apparel,1,123.65,,123.65,USD,In-Store,PayPal,canceled,United States,WA,65540,5,"Loyalty points not applied at checkout, manual credit issued."
ORD-50721,21-11-2024,2024-11-26,CUST-10076,Sofia Nakamura,sofia97@mailinator.com,A1,SKU-1521,electronics,1,54.99,10%,54.99,USD,store,paypal,Pending,us,TX,62453,10,"Duplicate order - customer clicked submit twice, refunded one."
ORD-50067,2024-02-25,2024-02-26,CUST-10311,Hugo Novak,hugo.novak@example.com,A1,SKU-1369,Electronics,4,966.57,10%,4351.54,CAD,marketplace,PayPal,cancelled,CAN,ontario,P3J 8J2,1,Wants to know if this is compatible with the 2023 model.
ORD-50718,2025-01-02,2025-01-03,CUST-10271,Fatima Haddad,fatima.haddad@example.com,A1,SKU-1301,Electronic,4,84.77,,339.08,USD,in store,CC,returned,USA,GA,53517,3,"Requested gift wrap, was not applied. Customer upset."
ORD-50435,2024-02-24,2024-02-27,CUST-10309,Hugo Haddad,,,SKU-1572,APPAREL,3,984.67,0,2954.01,USD,In-Store,CC,Completed,USA,GA,99392,4,"Loyalty points not applied at checkout, manual credit issued."
ORD-50634,03/05/2025,2025-03-07,CUST-10277,Hugo Diallo,HUGO.DIALLO@EXAMPLE.COM,X9,SKU-1471,GROCERY,1,58.69,5%,58.69,USD,web,PayPal,shipped,CA,AB,V7B 2G9,5,Payment declined twice before going through.
ORD-51060,2024-12-11,2024-12-16,CUST-10315,Elena Alvarez,ealvarez@testmail.org,A1,SKU-1578,PET SUPPLIES,2,13.85,10%,27.7,USD,mobile_app,CC,Shipped,US,NJ,59005,5,"Sizing runs small per customer, exchanged for larger size."
ORD-50180,2024-02-11 04:06:00,2024-02-14,CUST-10032,Andre Kowalski,ANDRE.KOWALSKI@EXAMPLE.COM,A2,SKU-1006,,1,56.01,0.0,56.01,USD,Marketplace,apple_pay,Shipped,USA,GA,64555,5,Third return this quarter from this customer.
ORD-50493,2024-05-25 13:17:00,2024-05-26,CUST-10117,Ethan Costa,,A2,SKU-1635,home & kitchen,1,109.2,0.0,118.54,CAD,WEB,Debit,returned,Canada,Quebec,N7B 4A4,5,Wants to know if this is compatible with the 2023 model.
ORD-50001,2025-01-15,2025-01-16,CUST-10202,Tomas Iyer,tiyer@testmail.org,B2,SKU-1663,HOME & KITCHEN,2,86.66,,173.32,USD,Mobile App,,Cancelled,U.S.,PA,25292,3,Item arrived damaged - box crushed. Replacement sent no charge.
ORD-50862,2024-07-25,2024-07-28,CUST-10194,Maya Silva,maya.silva@example.com,B1,SKU-1042,beauty,1,93.54,,93.54,USD,Marketplace,credit_card,Cancelled,U.S.,CA,56281,3,Product missing accessory listed on the page.
ORD-50287,2024-09-10,2024-09-11,CUST-10331,Nina Moreno,nmoreno@testmail.org,C3,SKU-1931,grocery,1,19.26,5%,19.26,US$,mobile_app,Debit,completed,United States,NY,22838,4,"Customer says price was lower yesterday, asked for price match."
ORD-50469,2025-01-18,2025-01-19,CUST-10297,Lucas Haddad,LUCAS.HADDAD@EXAMPLE.COM,C1,SKU-1402,Electronic,5,19.58,10%,97.9,CAD,web,gift_card,Returned,CA,MB,V9J 7B3,3,Asked to split delivery across two addresses - not supported.
ORD-50257,01/13/2024,2024-01-18,CUST-10278,Ravi Chen,rchen@testmail.org,B2,SKU-1485,Electronics,3,34.86,0,104.58,usd,in store,gift_card,Pending,United States,WA,70476,4,Wants to know if this is compatible with the 2023 model.
ORD-50235,2024-03-04,2024-03-05,CUST-10264,Ethan Tanaka,ethan.tanaka@example.com,X9,SKU-1892,outdoor,4,44.59,0,178.36,CAD,store,gift_card,Pending,canada,ontario,N7J 3B9,3,"Very happy with the product, left 5 star review."
ORD-50410,2025-02-06 13:00:00,2025-02-08,CUST-10134,Yuki Chen,YUKI.CHEN@EXAMPLE.COM,,SKU-1785,BEAUTY,1,31.66,20 %,37.98,USD,mobile_app,debit_card,pending,U.S.,GA,43545,4,Payment declined twice before going through.
ORD-50855,2024-01-21,2024-01-22,CUST-10092,Owen Tanaka,owen51@mailinator.com,B1,SKU-1101,Apparel,1,130.12,,130.12,CAD,marketplace,CC,COMPLETED,canada,AB,K5A 7E9,,"Address correction after dispatch, carrier redirect fee applied."
ORD-50574,2024-11-24,2024-11-29,CUST-10031,Andre Novak,anovak@testmail.org,A2,SKU-1023,Grocery,1,35.88,0,35.88,USD,WEB,apple_pay,Pending,canada,QC,M1A 5B8,4,Wants sustainable packaging option in future.
ORD-50404,2024-11-06,2024-11-08,CUST-10079,Mateo Dubois,MATEO.DUBOIS@EXAMPLE.COM,,SKU-1633,pet supplies,1,35.1,5%,35.1,USD,Marketplace,CC,Returned,CAN,ON,P6G 6E8,5,Wants sustainable packaging option in future.
ORD-50341,2024-04-10,2024-04-12,CUST-10100,Ethan Weber,ethan.weber@example.com,B1,SKU-1699,Beauty,1,9.94,5%,9.94,USD,store,Gift Card,shipped,United States,WA,49460,4,Return window question - purchased as holiday gift.
ORD-51103,2025-01-15,2025-01-18,CUST-10115,,grace.muller@example.com,C1,SKU-1794,home & kitchen,1,61.95,10%,61.95,,mobile_app,paypal,Completed,U.S.,TX,66712,4,"Duplicate order - customer clicked submit twice, refunded one."
ORD-50929,"Jan 20, 2025",2025-01-22,CUST-10000,Camille Bergman,cbergman@testmail.org,X9,SKU-1220,GROCERY,2,128.63,0.0,356.83,CAD,mobile_app,,Returned,canada,Quebec,M7G 7H4,3,"Order placed in store but shipped to home, tracking confusion."
ORD-50204,2025-02-02,2025-02-05,CUST-10016,Liang Muller,lmuller@testmail.org,,SKU-1575,Clothing,2,35.27,10%,70.54,CAD,store,Debit,canceled,canada,BC,P7G 6J5,4,"Customer called twice about delayed shipment, agent waived shipping fee."
ORD-50339,12-02-2024,2024-02-17,CUST-10269,Mateo Kowalski,MATEO.KOWALSKI@EXAMPLE.COM,C3,SKU-1295,APPAREL,5,,0,,USD,Marketplace,CC,canceled,United States,IL,99249,3,Return window question - purchased as holiday gift.
ORD-50230,2024-12-08 04:07:00,2024-12-10,CUST-10105,Leila Haddad,lhaddad@testmail.org,,SKU-1349,electronics,3,93.66,0.0,280.98,USD,Mobile App,paypal,Pending,US,TX,64396,4,"Customer says price was lower yesterday, asked for price match."
ORD-51019,2025-05-05,2025-05-07,CUST-10100,Ethan Weber,ethan.weber@example.com,B2,SKU-1280,GROCERY,4,64.28,0,302.72,USD,In-Store,apple_pay,Cancelled,USA,Fl,67713,,Product missing accessory listed on the page.
ORD-50491,05/27/2024,2024-05-30,CUST-10251,Mateo Okafor,MATEO.OKAFOR@EXAMPLE.COM,C3,SKU-1361,BEAUTY,1,89.13,0.0,89.13,USD,Mobile App,debit_card,Cancelled,United States,PA,88700,,"Customer called twice about delayed shipment, agent waived shipping fee."
ORD-50166,2025-02-19,2025-02-24,CUST-10293,Fatima Nakamura,fnakamura@testmail.org,A1,SKU-1092,Groceries,1,248.14,0.15,248.14,USD,marketplace,,completed,United States,TX,29231,5,"Very happy with the product, left 5 star review."
ORD-50455,2024-11-22,2024-11-27,CUST-10282,Zara Nasser,zara.nasser@example.com,C3,SKU-1066,Apparel ,1,15.7,0.15,15.7,USD,Web,Credit Card,completed,US,Texas,11762,5,"Sizing runs small per customer, exchanged for larger size."
ORD-51055,01/19/2024,,CUST-10063,Jonas Johnson,,,SKU-1002,APPAREL,1,874.0,5%,874.0,usd,web,Gift Card,Pending,U.S.,CA,99804,4,"Requested gift wrap, was not applied. Customer upset."
ORD-50890,"Oct 10, 2024",,CUST-10325,Zara Moreno,zara87@mailinator.com,,SKU-1261,Electronics,3,44.95,0.0,134.85,USD,In-Store,debit_card,cancelled,US,Texas,94664,4,Payment declined twice before going through.
ORD-50197,06/22/2025,2025-06-27,CUST-10144,Diego Doyle,ddoyle@testmail.org,B1,SKU-1945,,1,18.4,0,18.4,cad,mobile app,CC,canceled,CAN,AB,P9J 6B5,1,"Requested gift wrap, was not applied. Customer upset."
ORD-50864,"May 21, 2024",2024-05-24,CUST-10081,Ravi Nasser,RAVI.NASSER@EXAMPLE.COM,C3,SKU-1879,APPAREL,3,239.39,20 %,718.17,USD,web,PayPal,COMPLETED,US,NY,68629,,Third return this quarter from this customer.
ORD-50479,2025-04-07,2025-04-08,CUST-10323,Elena Laurent,ELENA.LAURENT@EXAMPLE.COM,,SKU-1070, Home & Kitchen ,1,42.67,0,42.67,USD,marketplace,PayPal,returned,US,MA,95682,5,"Loyalty points not applied at checkout, manual credit issued."
ORD-50168,2025-01-28,2025-01-29,CUST-10302,Chloe Muller,,A1,SKU-1147,BEAUTY,3,58.57,,175.71,USD,store,CC,Completed,USA,GA,27985,5,Product missing accessory listed on the page.
ORD-50403,09/21/2024,2024-09-26,CUST-10037,Ethan Petrova,epetrova@testmail.org,C3,SKU-1577,Beauty & Personal Care,3,31.72,0,95.16,USD,WEB,apple_pay,pending,U.S.,Texas,49943,4,"Very happy with the product, left 5 star review."
ORD-50755,2025-03-06 01:27:00,2025-03-07,CUST-10147,Jonas Rossi,jrossi@testmail.org,A1,SKU-1838,home & kitchen,2,88.46,0,176.92,USD,Web,gift_card,cancelled,us,MA,54588,3,"Order placed in store but shipped to home, tracking confusion."
ORD-51032,2024-01-11,2024-01-13,CUST-10275,Elena Rossi,erossi@testmail.org,B2,SKU-1685,GROCERY,3,19.71,0,59.13,CAD,Marketplace,Debit,shipped,CA,ON,N6J 4G2,n/a,"Called to cancel, was already shipped. Return label sent."
ORD-50693,01/14/2025,2025-01-23,CUST-10199,Noah Nasser,nnasser@testmail.org,C3,SKU-1772,Electronic,3,33.53,,100.59,USD,Web,apple_pay,completed,us,california,33481,3,"Very happy with the product, left 5 star review."
ORD-50256,2025-06-09,2025-06-10,CUST-10195,Maya Ferreira,mferreira@testmail.org,B2,SKU-1341,home & kitchen,1,33.7,0,33.7,usd,Mobile App,,Shipped,US,IL,34987,5,"Duplicate order - customer clicked submit twice, refunded one."
ORD-50253,"Mar 07, 2024",2024-03-08,CUST-10107,Sofia Laurent,slaurent@testmail.org,C3,SKU-1613, Electronics,1,46.45,0,46.45,usd,web,apple_pay,Returned,us,WA,34785,,Return window question - purchased as holiday gift.
ORD-51009,2024-10-15,2024-10-16,CUST-10099,Mateo Petrova,mpetrova@testmail.org,C1,SKU-1549,Beauty,1,87.06,0.15,87.06,usd,Web,debit_card,canceled,us,Texas,40763,4,Return window question - purchased as holiday gift.
ORD-51039,01/08/2024,2024-01-10,CUST-10234,Amara Nasser,amara69@mailinator.com,,SKU-1591,Beauty,1,123.25,0,123.25,USD,WEB,gift_card,Completed,us,PA,93021,,"Sizing runs small per customer, exchanged for larger size."
ORD-50555,2024-03-27,2024-03-28,CUST-10254,Leila Lindqvist,leila.lindqvist@example.com,X9,SKU-1695,Apparel ,2,21.43,0,53.56,CAD,mobile app,Gift Card,canceled,CA,ontario,K5E 3H2,5,"Address correction after dispatch, carrier redirect fee applied."
ORD-50922,2024-08-23,2024-08-25,CUST-10193,Nina Doyle,ndoyle@testmail.org,C1,SKU-1749,beauty,2,22.9,,45.8,CAD,mobile app,Debit,COMPLETED,Canada,B.C.,M4H 9B7,10,"Duplicate order - customer clicked submit twice, refunded one."
ORD-50154,02-04-2024,2024-04-11,CUST-10299,Leila Fitzgerald,LEILA.FITZGERALD@EXAMPLE.COM,A2,SKU-1723,Pets,1,57.87,0.15,57.87,USD,in store,PayPal,Pending,canada,AB,P3E 9E1,5,"Sizing runs small per customer, exchanged for larger size."
ORD-50470,04/19/2025,2025-04-22,CUST-10105,Leila Haddad,lhaddad@testmail.org,C1,SKU-1012,Clothing,3,34.93,,104.79,USD,mobile app,debit_card,canceled,us,Fl,60930,5,"Very happy with the product, left 5 star review."
ORD-50507,2024-01-08,2024-01-10,CUST-10165,Camille Fitzgerald,CAMILLE.FITZGERALD@EXAMPLE.COM,B2,SKU-1525,beauty,3,61.89,-5,185.67,USD,mobile_app,CC,Cancelled,us,Fl,15039,5,
ORD-50211,2024-04-25,2024-04-28,CUST-10111,Noah Rossi,noah89@mailinator.com,C3,SKU-1486,Apparel,1,32.35,20 %,32.35,CAD,web,,Returned,CA,Quebec,K1H 4C9,4,
ORD-50595,25-01-2025,2025-02-03,CUST-10339,Camille Bergman,camille.bergman@example.com,A1,SKU-1113,outdoor,3,244.78,0,734.34,,marketplace,,COMPLETED,United States,IL,17679,,Third return this quarter from this customer.
ORD-50104,2024-11-26 22:07:00,2024-11-29,CUST-10102,Kai Muller,kai14@mailinator.com,C1,SKU-1898,Clothing,3,871.18,5%,2613.54,USD,in store,Credit Card,completed,USA,NJ,59921,3,Item arrived damaged - box crushed. Replacement sent no charge.
ORD-50032,2025-04-27,2025-04-28,CUST-10056,Elena Ahmed,ELENA.AHMED@EXAMPLE.COM,X9,SKU-1321,Apparel,1,55.81,0,55.81,USD,in store,paypal,returned,United States,NJ,56437,5,
ORD-50678,03/05/2025,2025-03-06,CUST-10038,Tomas Lindqvist,tomas.lindqvist@example.com,A1,SKU-1733,outdoor,2,97.13,10%,194.26,,store,PayPal,cancelled,CA,NS,V7G 7J3,5,Payment declined twice before going through.
ORD-50345,05/06/2024,2024-05-07,CUST-10094,Fatima Nakamura,fatima.nakamura@example.com,B2,SKU-1487,grocery,4,114.25,0.15,457.0,USD,Web,apple_pay,canceled,United States,Fl,58147,5,Asked to split delivery across two addresses - not supported.
ORD-50561,2024-06-24,2024-06-27,CUST-10167,Yuki Haddad,yuki.haddad@example.com,A2,SKU-1228,Clothing,3,83.27,0,249.81,US$,Web,Gift Card,Pending,United States,TX,61277,4,"Customer called twice about delayed shipment, agent waived shipping fee."
ORD-50834,2024-06-03,2024-06-04,CUST-10208,Ethan Weber,ETHAN.WEBER@EXAMPLE.COM,X9,SKU-1973,Clothing,2,47.23,10%,94.46,CAD,mobile_app,paypal,Shipped,CAN,ontario,L5E 9C9,5,"Customer says price was lower yesterday, asked for price match."
ORD-51086,2024-04-20,2024-04-25,CUST-10203,Sofia Diallo,sdiallo@testmail.org,A2,SKU-1280,Pets,1,21.94,0.15,21.94,CAD,mobile_app,debit_card,COMPLETED,canada,ON,L5B 1J7,4,"Order placed in store but shipped to home, tracking confusion."
ORD-51046,2025-01-04 18:17:00,2025-01-09,CUST-10076,Sofia Nakamura,sofia97@mailinator.com,B2,SKU-1949,Home & Kitchen,1,84.58,0,84.58,USD,Marketplace,CC,canceled,Canada,MB,V1J 7C1,4,Asked to split delivery across two addresses - not supported.
ORD-50916,2024-08-27,2024-09-01,CUST-10277,,HUGO.DIALLO@EXAMPLE.COM,,SKU-1612,beauty,2,31.82,10%,63.64,CAD,mobile app,apple_pay,completed,CAN,B.C.,V7H 5C9,4,
ORD-51048,2024-03-04 08:43:00,2024-03-05,CUST-10275,Elena Rossi,erossi@testmail.org,X9,SKU-1579,Outdoors,5,22.71,5%,113.55,CAD,WEB,PayPal,Returned,canada,AB,K3H 3B1,5,Payment declined twice before going through.
ORD-50512,04/21/2025,2025-04-24,CUST-10033,Lucas Fitzgerald,LUCAS.FITZGERALD@EXAMPLE.COM,B1,SKU-1397,GROCERY,-1,15.27,0.15,-15.27,usd,Mobile App,credit_card,Returned,us,Texas,21327,n/a,"Address correction after dispatch, carrier redirect fee applied."
ORD-50851,2024-12-18,2024-12-21,CUST-10227,,diego.tanaka@example.com,B1,SKU-1589,electronics,3,,10%,,CAD,store,apple_pay,Cancelled,Canada,B.C.,P1H 5C3,4,"Order placed in store but shipped to home, tracking confusion."
ORD-50106,2024-07-20,2024-07-21,CUST-10027,Kai Kowalski,kkowalski@testmail.org,A2,SKU-1386,HOME & KITCHEN,1,94.87,10%,94.87,USD,Mobile App,CC,COMPLETED,U.S.,Texas,86544,,"Customer called twice about delayed shipment, agent waived shipping fee."
ORD-50239,03/30/2025,2025-04-01,CUST-10243,Sofia Fitzgerald,SOFIA.FITZGERALD@EXAMPLE.COM,C3,SKU-1447,Outdoor,1,112.31,5%,112.31,USD,in store,paypal,Cancelled,CAN,AB,M2A 2G3,4,"Address correction after dispatch, carrier redirect fee applied."
ORD-50717,2024-09-30,2024-10-01,CUST-10145,Elena Petrova,elena57@mailinator.com,B1,SKU-1942,Outdoors,4,59.29,0.15,237.16,USD,In-Store,apple_pay,Shipped,US,NY,10147,3,Asked to split delivery across two addresses - not supported.
ORD-51130,2024-03-17,2024-03-26,CUST-10296,Hugo Sharma,HUGO.SHARMA@EXAMPLE.COM,B2,SKU-1697,ELECTRONICS,5,25.08,,138.19,USD,In-Store,apple_pay,returned,U.S.,california,29808,5,Return window question - purchased as holiday gift.
ORD-51114,08/06/2024,2024-08-11,CUST-10251,Mateo Okafor,MATEO.OKAFOR@EXAMPLE.COM,C3,SKU-1133,grocery,3,59.21,,177.63,,Marketplace,paypal,Cancelled,U.S.,IL,67244,4,Wants to know if this is compatible with the 2023 model.
ORD-50956,2024-06-11,2024-06-12,CUST-10182,Sofia Laurent,sofia55@mailinator.com,C1,SKU-1295,electronics,2,,10%,,USD,in store,apple_pay,completed,U.S.,NJ,72979,,Wants to know if this is compatible with the 2023 model.
ORD-50645,2024-02-20,2024-02-21,CUST-10115,Grace Muller,grace.muller@example.com,B1,SKU-1849,apparel,1,14.52,10%,14.52,USD,Web,credit_card,canceled,United States,WA,26342,3,"Requested gift wrap, was not applied. Customer upset."
ORD-50251,04-01-2024,2024-01-06,CUST-10289,Ravi Ferreira,RAVI.FERREIRA@EXAMPLE.COM,C3,SKU-1826,Electronic,1,41.96,0,41.96,USD,WEB,credit_card,cancelled,US,GA,11296,2,"Customer called twice about delayed shipment, agent waived shipping fee."
ORD-50286,2025-01-25,2025-01-27,CUST-10308,Ethan Nasser,ethan.nasser@example.com,B1,SKU-1548,outdoor,2,30.32,20 %,60.64,USD,Mobile App,,Pending,US,NJ,94616,3,Payment declined twice before going through.
ORD-50196,2024-07-06 03:38:00,2024-07-08,CUST-10214,Mateo Johnson,mjohnson@testmail.org,C1,SKU-1277,Pet supplies,1,32.94,,32.94,USD,Web,Gift Card,Returned,us,FL,56088,,"Customer called twice about delayed shipment, agent waived shipping fee."
ORD-50136,2024-09-16,2024-09-18,CUST-10106,Aisha Johnson,aisha.johnson@example.com,B2,SKU-1648,Beauty & Personal Care,2,,0,,CAD,Mobile App,apple_pay,Completed,CA,B.C.,N4A 1G8,5,"Duplicate order - customer clicked submit twice, refunded one."
ORD-50860,2024-01-25 12:40:00,2024-01-28,CUST-10319,Aisha Iyer,aisha73@mailinator.com,,SKU-1126,home & kitchen,1,15.01,0,15.01,,Web,CC,Cancelled,us,new york,93330,4,Return window question - purchased as holiday gift.
ORD-50629,06/21/2025,2025-06-23,CUST-10281,Tomas Sharma,TOMAS.SHARMA@EXAMPLE.COM,A2,SKU-1791,home & kitchen,1,18.39,0,18.39,USD,in store,paypal,cancelled,USA,CA,82120,5,"Called to cancel, was already shipped. Return label sent."
ORD-51006,07/26/2024,2024-07-31,CUST-10205,,NOAH.IYER@EXAMPLE.COM,B2,SKU-1320,PET SUPPLIES,1,119.48,0,119.48,USD,mobile_app,credit_card,canceled,US,WA,46435,3,"Called to cancel, was already shipped. Return label sent."
ORD-50142,2024-09-17,2024-09-19,CUST-10211,Yuki Ahmed,yuki58@mailinator.com,B1,SKU-1911,Groceries,4,45.98,0.15,183.92,USD,mobile_app,debit_card,cancelled,USA,WA,12844,5,"Loyalty points not applied at checkout, manual credit issued."
ORD-50186,2024-01-02,2024-01-05,CUST-10298,Elena Nakamura,elena42@mailinator.com,B2,SKU-1806, Home & Kitchen ,2,21.49,5%,42.98,USD,mobile app,credit_card,returned,U.S.,new york,98428,4,Item arrived damaged - box crushed. Replacement sent no charge.
ORD-50124,1726266480,2024-09-16,CUST-10259,Ethan Costa,ecosta@testmail.org,,SKU-1697,Home and Kitchen,1,31.7,0.15,31.7,USD,web,gift_card,Completed,Canada,B.C.,M2E 4H4,5,Product missing accessory listed on the page.
ORD-50065,2024-03-20,2024-03-23,CUST-10202,Tomas Iyer,tiyer@testmail.org,X9,SKU-1710,Pet supplies,3,23.66,0,70.98,CAD,store,Credit Card,Pending,CA,ON,K2C 6C3,4,"Duplicate order - customer clicked submit twice, refunded one."
ORD-50896,06-04-2024,2024-04-15,CUST-10175,Marcus Okafor,mokafor@testmail.org,B2,SKU-1705,HOME & KITCHEN,2,65.71,0,131.42,USD,store,CC,canceled,US,PA,34441,5,"Requested gift wrap, was not applied. Customer upset."
ORD-50399,10-04-2024,,CUST-10230,Grace Doyle,GRACE.DOYLE@EXAMPLE.COM,B1,SKU-1624,apparel,1,10.06,0.0,10.06,USD,marketplace,apple_pay,Pending,United States,new york,63578,10,"Sizing runs small per customer, exchanged for larger size."
ORD-50654,2025-01-30,2025-01-31,CUST-10169,Leila Sharma,leila91@mailinator.com,C3,SKU-1140,Home & Kitchen,1,43.33,5%,43.33,CAD,mobile app,debit_card,completed,CAN,ON,V6G 8H1,3,Payment declined twice before going through.
ORD-50274,2025-05-04 15:43:00,2025-05-05,CUST-10319,Aisha Iyer,aisha73@mailinator.com,A1,SKU-1099,home & kitchen,1,14.15,0,14.15,CAD,store,apple_pay,returned,Canada,ON,M8E 6G7,4,"Sizing runs small per customer, exchanged for larger size."
ORD-50732,2024-04-02,2024-04-07,CUST-10186,Yuki Singh,ysingh@testmail.org,C1,SKU-1787,Groceries,3,62.54,,187.62,CAD,marketplace,PayPal,Completed,Canada,AB,M8B 9C6,5,"Requested gift wrap, was not applied. Customer upset."
ORD-50011,2024-05-31,2024-06-01,CUST-10173,Zara Singh,zara.singh@example.com,B1,SKU-1974,APPAREL,3,14.53,10%,43.59,CAD,marketplace,apple_pay,canceled,CAN,NS,V6J 6B8,2,"Very happy with the product, left 5 star review."
ORD-51076,2024-03-13,2024-03-16,CUST-10101,Jonas Ferreira,jferreira@testmail.org,C1,SKU-1361, Electronics,2,20.53,10%,41.06,USD,mobile app,apple_pay,Returned,USA,NJ,58608,10,"Customer called twice about delayed shipment, agent waived shipping fee."
ORD-51018,"Jan 30, 2025",2025-02-02,CUST-10000,Camille Bergman,cbergman@testmail.org,,SKU-1221,Grocery,1,254.17,10%,254.17,USD,store,CC,Shipped,United States,MA,76396,4,"Duplicate order - customer clicked submit twice, refunded one."
ORD-51097,2025-02-28,2025-03-02,CUST-10183,Hugo Petrova,hugo.petrova@example.com,B1,SKU-1904,Groceries,2,274.67,10%,549.34,USD,in store,gift_card,completed,CAN,ON,V9J 5A1,4,"Called to cancel, was already shipped. Return label sent."
ORD-50285,03/31/2025,2025-04-02,CUST-10278,Ravi Chen,rchen@testmail.org,B2,SKU-1704,Apparel ,-1,809.12,,-809.12,USD,mobile_app,credit_card,shipped,us,Texas,28568,4,"Bulk order for office, asked about corporate account pricing."
ORD-50200,2025-06-16 04:31:00,2025-06-19,CUST-10181,Kai Dubois,kai.dubois@example.com,A2,SKU-1394,Beauty & Personal Care,1,23.56,5%,23.56,USD,Mobile App,,canceled,U.S.,CA,39605,5,Return window question - purchased as holiday gift.
ORD-50147,"Jan 19, 2024",2024-01-21,CUST-10275,Elena Rossi,erossi@testmail.org,C1,SKU-1054,apparel,2,33.07,0,66.14,USD,Web,PayPal,pending,USA,california,45561,5,Payment declined twice before going through.
ORD-51062,2025-03-04,,CUST-10101,Jonas Ferreira,,C3,SKU-1303,Pet supplies,3,108.2,5%,324.6,USD,marketplace,Gift Card,canceled,USA,TX,81835,,"Asked about warranty length, unclear on product page."
ORD-50586,06/11/2025,2025-06-14,CUST-10292,Hugo Rossi,HUGO.ROSSI@EXAMPLE.COM,A1,SKU-1068,electronics,1,21.04,,25.48,USD,WEB,PayPal,pending,USA,california,28293,1,"Very happy with the product, left 5 star review."
ORD-51122,2025-01-14,2025-01-17,CUST-10054,Grace Nakamura,grace70@mailinator.com,A2,SKU-1555,home & kitchen,5,20.87,0,104.35,USD,WEB,,Pending,US,WA,94550,5,"Asked about warranty length, unclear on product page."
ORD-50771,2024-07-21,2024-07-23,CUST-10060,Leila Laurent,leila8@mailinator.com,X9,SKU-1290,Electronic,1,84.53,0.15,84.53,USD,marketplace,Debit,Returned,United States,WA,73517,10,"Address correction after dispatch, carrier redirect fee applied."
ORD-50996,1722474660,2024-08-03,CUST-10127,Lucas Laurent,LUCAS.LAURENT@EXAMPLE.COM,,SKU-1955,Grocery,5,21.69,0,108.45,USD,in store,paypal,shipped,U.S.,MA,70114,3,"Customer says price was lower yesterday, asked for price match."
ORD-50752,2024-12-16,2024-12-17,CUST-10335,Ines Ahmed,ines37@mailinator.com,A1,SKU-1734,Beauty & Personal Care,1,80.81,0,80.81,,Web,apple_pay,shipped,US,IL,42192,4,"Bulk order for office, asked about corporate account pricing."
ORD-50255,"Jan 21, 2025",2025-01-23,CUST-10297,Lucas Haddad,LUCAS.HADDAD@EXAMPLE.COM,,SKU-1531,Beauty,1,23.77,5%,23.77,CAD,In-Store,Gift Card,Returned,CAN,MB,M7E 8E7,4,Third return this quarter from this customer.
ORD-50342,2025-01-01,2025-01-03,CUST-10321,,ETHAN.MULLER@EXAMPLE.COM,X9,SKU-1090,beauty,1,55.14,0.0,55.14,,Mobile App,debit_card,Returned,U.S.,NJ,77135,4,"Asked about warranty length, unclear on product page."
ORD-50769,01/17/2025,2025-01-20,CUST-10248,Ethan Costa,ethan13@mailinator.com,C3,SKU-1254,,1,34.78,,34.78,USD,Mobile App,apple_pay,canceled,USA,IL,63093,,Item arrived damaged - box crushed. Replacement sent no charge.
ORD-50980,2024-06-20,2024-06-21,CUST-10122,Chloe Lindqvist,CHLOE.LINDQVIST@EXAMPLE.COM,B2,SKU-1631,Electronics,1,245.96,20 %,245.96,CAD,Mobile App,PayPal,completed,CA,ontario,N1J 7G5,5,"Customer called twice about delayed shipment, agent waived shipping fee."
ORD-50563,2024-11-30,2024-12-03,CUST-10137,Ethan Haddad,ethan.haddad@example.com,,SKU-1745,Grocery,1,42.39,0.0,42.39,USD,mobile_app,PayPal,canceled,U.S.,IL,51591,2,"Asked about warranty length, unclear on product page."
ORD-50313,17-03-2025,2025-03-20,CUST-10311,Hugo Novak,hugo.novak@example.com,B1,SKU-1580,Pets,5,44.53,0,222.65,CAD,web,CC,Shipped,Canada,NS,P2E 2E6,3,Return window question - purchased as holiday gift.
ORD-50211,2024-04-25,2024-04-28,CUST-10111,Noah Rossi,noah89@mailinator.com,C3,SKU-1486,Apparel,1,32.35,20 %,32.35,CAD,web,,Returned,CA,Quebec,K1H 4C9,4,
ORD-50456,2024-05-22 06:58:00,2024-05-23,CUST-10316,Zara Okafor,,B2,SKU-1215,home & kitchen,2,91.33,0,182.66,USD,mobile app,,returned,US,PA,35249,4,"Bulk order for office, asked about corporate account pricing."
ORD-50228,06/26/2024,2024-06-27,CUST-10334,Kai Reyes,KAI.REYES@EXAMPLE.COM,B2,SKU-1570,Pet supplies,3,,0.0,,USD,Mobile App,paypal,Returned,US,new york,30788,3,Wants sustainable packaging option in future.
ORD-50397,2024-12-19 02:13:00,2024-12-21,CUST-10077,Mateo Iyer,MATEO.IYER@EXAMPLE.COM,,SKU-1030,Beauty & Personal Care,1,20.68,0,20.68,CAD,marketplace,paypal,Returned,CA,QC,N7J 1J5,5,Third return this quarter from this customer.
ORD-50318,2025-04-14 04:31:00,2025-04-15,CUST-10005,Tomas Doyle,TOMAS.DOYLE@EXAMPLE.COM,A1,SKU-1461,outdoor,1,913.11,20 %,913.11,CAD,Marketplace,gift_card,pending,Canada,ON,P2A 4H4,4,"Order placed in store but shipped to home, tracking confusion."
ORD-50739,2025-01-15,2025-01-18,CUST-10218,Sofia Fitzgerald,SOFIA.FITZGERALD@EXAMPLE.COM,A2,SKU-1855,Outdoor,-1,14.28,5%,-14.28,CAD,mobile_app,apple_pay,COMPLETED,Canada,BC,L1B 7G9,1,"Loyalty points not applied at checkout, manual credit issued."
ORD-50613,05/14/2025,2025-05-19,CUST-10184,Yuki Dubois,yuki42@mailinator.com,B1,SKU-1287,Electronic,1,14.39,0,14.39,USD,store,CC,Cancelled,US,new york,44900,3,"Duplicate order - customer clicked submit twice, refunded one."
ORD-50309,2024-07-05,2024-07-07,CUST-10304,Hugo Bergman,hugo.bergman@example.com,,SKU-1800,grocery,1,,20 %,,CAD,Web,CC,completed,CA,ontario,V1G 3G3,1,Product missing accessory listed on the page.
ORD-50833,2025-04-29,2025-05-04,CUST-10189,Owen Laurent,owen.laurent@example.com,C1,SKU-1945,grocery,4,109.45,10%,437.8,USD,mobile app,,shipped,United States,IL,54310,3,"Called to cancel, was already shipped. Return label sent."
ORD-51064,03/14/2025,2025-03-17,CUST-10274,Ines Singh,ines.singh@example.com,,SKU-1338,HOME & KITCHEN,1,20.48,5%,20.48,usd,Mobile App,gift_card,Shipped,United States,GA,19079,3,"Customer called twice about delayed shipment, agent waived shipping fee."
ORD-50690,2025-05-01,2025-05-04,CUST-10019,Mateo Silva,mateo46@mailinator.com,A2,SKU-1455,OUTDOOR,2,21.24,0,52.21,USD,Marketplace,debit_card,cancelled,U.S.,Texas,39678,4,Wants sustainable packaging option in future.
ORD-50657,06/26/2024,2024-06-27,CUST-10272,Hugo Alvarez,HUGO.ALVAREZ@EXAMPLE.COM,B2,SKU-1293,Pets,2,30.13,0,60.26,CAD,mobile app,paypal,canceled,CA,Quebec,P3J 3A4,1,Return window question - purchased as holiday gift.
ORD-50932,2024-07-23,2024-07-28,CUST-10012,Felix Chen,FELIX.CHEN@EXAMPLE.COM,A1,SKU-1807,electronics,1,87.6,0.15,87.6,USD,marketplace,Debit,Pending,U.S.,PA,14390,5,Payment declined twice before going through.
ORD-50452,2024-07-05,2024-07-07,CUST-10069,Liang Dubois,ldubois@testmail.org,A2,SKU-1907,Beauty & Personal Care,1,21.06,10%,21.06,USD,marketplace,Debit,pending,U.S.,GA,61592,,"Requested gift wrap, was not applied. Customer upset."
ORD-51144,12/16/2024,2024-12-25,CUST-10128,Jonas Ferreira,jferreira@testmail.org,,SKU-1682,Groceries,3,9.61,0.0,28.83,,web,apple_pay,pending,us,PA,61695,3,"Address correction after dispatch, carrier redirect fee applied."
ORD-50840,2024-03-15,2024-03-16,CUST-10019,Mateo Silva,mateo46@mailinator.com,C3,SKU-1309,Clothing,2,64.23,0,128.46,US$,web,debit_card,cancelled,United States,NJ,35884,2,Item arrived damaged - box crushed. Replacement sent no charge.
ORD-50444,2025-02-11,2025-02-20,CUST-10114,Lucas Ahmed,lahmed@testmail.org,B2,SKU-1973,Home & Kitchen,1,81.28,0,81.28,USD,mobile_app,CC,returned,USA,california,14678,4,"Requested gift wrap, was not applied. Customer upset."
ORD-50506,"Nov 05, 2024",2024-11-08,CUST-10037,Ethan Petrova,epetrova@testmail.org,A1,SKU-1032,ELECTRONICS,2,236.95,0.0,473.9,,store,CC,canceled,United States,CA,70752,5,Asked to split delivery across two addresses - not supported.
ORD-50170,03/20/2024,2024-03-23,CUST-10269,Mateo Kowalski,MATEO.KOWALSKI@EXAMPLE.COM,A1,SKU-1480,GROCERY,2,14.57,10%,29.14,USD,marketplace,paypal,Cancelled,USA,GA,56257,10,Return window question - purchased as holiday gift.
ORD-50198,2025-05-10,2025-05-11,CUST-10072,Priya Iyer,piyer@testmail.org,C1,SKU-1044,pet supplies,1,22.23,10%,22.23,CAD,Web,Credit Card,Returned,CA,QC,L4B 6A2,3,"Loyalty points not applied at checkout, manual credit issued."
ORD-51012,2024-02-09,2024-02-12,CUST-10175,Marcus Okafor,mokafor@testmail.org,X9,SKU-1464,home & kitchen,1,829.93,0,829.93,USD,in store,gift_card,returned,US,IL,37876,2,"Bulk order for office, asked about corporate account pricing."
ORD-50263,2024-06-21 02:42:00,2024-06-24,CUST-10142,Jonas Costa,jcosta@testmail.org,A1,SKU-1914,grocery,1,10.2,0,10.2,cad,web,,returned,CA,B.C.,V2E 5E1,5,Item arrived damaged - box crushed. Replacement sent no charge.
ORD-50686,2024-11-29,2024-12-01,CUST-10325,Zara Moreno,zara87@mailinator.com,B2,SKU-1320,,1,9.51,0,9.51,USD,WEB,Debit,cancelled,United States,IL,55573,3,"Address correction after dispatch, carrier redirect fee applied."
ORD-50912,2025-05-19 06:40:00,2025-05-28,CUST-10209,Elena Iyer,eiyer@testmail.org,A2,SKU-1417,GROCERY,0,45.15,,0.0,CAD,marketplace,gift_card,cancelled,CA,ON,M8J 3H7,3,"Asked about warranty length, unclear on product page."
ORD-50314,2025-03-28,2025-03-29,CUST-10143,,cnovak@testmail.org,X9,SKU-1418,Outdoors,1,13.57,5%,13.57,US$,WEB,gift_card,cancelled,U.S.,GA,77171,,"Sizing runs small per customer, exchanged for larger size."
ORD-50641,22-09-2024,2024-10-01,CUST-10080,Yuki Nakamura,ynakamura@testmail.org,B1,SKU-1890,APPAREL,3,859.33,5%,2577.99,USD,web,Gift Card,Cancelled,United States,NJ,54752,,"Duplicate order - customer clicked submit twice, refunded one."
ORD-50152,25-03-2025,2025-04-03,CUST-10007,Felix Lindqvist,felix1@mailinator.com,X9,SKU-1737, Electronics,1,986.79,,986.79,,marketplace,apple_pay,returned,US,TX,78843,5,Item arrived damaged - box crushed. Replacement sent no charge.
ORD-50284,04/30/2024,2024-05-01,CUST-10274,Ines Singh,ines.singh@example.com,B1,SKU-1588,Groceries,1,251.94,5%,251.94,USD,in store,Debit,completed,US,Texas,21090,10,Wants sustainable packaging option in future.
ORD-50492,2025-04-01,2025-04-03,CUST-10288,Kai Nasser,knasser@testmail.org,B1,SKU-1172,Apparel,1,9.77,0,9.77,USD,in store,apple_pay,returned,United States,NY,35652,,Asked to split delivery across two addresses - not supported.
ORD-50993,2024-10-06,2024-10-07,CUST-10006,Owen Petrova,opetrova@testmail.org,C3,SKU-1631,Home & Kitchen,2,21.66,5%,48.05,USD,In-Store,gift_card,Completed,USA,MA,56256,4,"Asked about warranty length, unclear on product page."
ORD-51107,05/27/2024,2024-05-30,CUST-10197,Nina Muller,NINA.MULLER@EXAMPLE.COM,X9,SKU-1296,Outdoor,5,921.98,0.15,4609.9,USD,WEB,,canceled,U.S.,IL,35980,5,"Asked about warranty length, unclear on product page."
ORD-50612,2024-05-09,2024-05-18,CUST-10219,Marcus Novak,marcus98@mailinator.com,B1,SKU-1389,,3,14.7,0.15,14.7,USD,in store,credit_card,Returned,US,california,58305,,Wants to know if this is compatible with the 2023 model.
ORD-50576,"Dec 17, 2024",2024-12-22,CUST-10045,Priya Silva,priya98@mailinator.com,B2,SKU-1037,Home & Kitchen,1,13.43,,13.43,CAD,store,paypal,shipped,CA,ON,P1H 3E5,5,"Requested gift wrap, was not applied. Customer upset."
ORD-50857,2024-12-15,2024-12-16,CUST-10115,Grace Muller,grace.muller@example.com,,SKU-1065,Beauty & Personal Care,1,9.0,0,9.0,USD,marketplace,Debit,completed,USA,california,68916,5,"Asked about warranty length, unclear on product page."
ORD-50190,2024-02-12,2024-02-13,CUST-10085,Nina Johnson,,C3,SKU-1352,outdoor,3,30.67,0,92.01,CAD,WEB,Gift Card,Shipped,CAN,BC,K1E 8J3,10,"Sizing runs small per customer, exchanged for larger size."
ORD-50094,2024-07-14,2024-07-19,CUST-10219,Marcus Novak,marcus98@mailinator.com,A2,SKU-1392,Beauty & Personal Care,1,112.79,0,112.79,USD,Web,credit_card,Shipped,US,MA,48119,4,Wants sustainable packaging option in future.
ORD-50856,2024-05-09,2024-05-10,CUST-10183,Hugo Petrova,hugo.petrova@example.com,C1,SKU-1544,pet supplies,2,58.58,,117.16,CAD,web,CC,COMPLETED,CA,ontario,K7A 1A4,5,"Bulk order for office, asked about corporate account pricing."
ORD-50306,"Mar 19, 2024",2024-03-20,CUST-10154,Chloe Fitzgerald,chloe.fitzgerald@example.com,,SKU-1834,Outdoors,1,13.84,10%,13.84,usd,Mobile App,CC,Completed,U.S.,IL,52343,n/a,"Address correction after dispatch, carrier redirect fee applied."
ORD-50238,2024-10-11 20:05:00,2024-10-14,CUST-10319,Aisha Iyer,aisha73@mailinator.com,A2,SKU-1659,Pets,1,25.92,5%,25.92,,marketplace,Gift Card,Returned,US,new york,16930,10,Wants sustainable packaging option in future.
ORD-50604,2024-11-08 00:02:00,2024-11-17,CUST-10117,Ethan Costa,ethan20@mailinator.com,X9,SKU-1451,Electronic,2,19.06,0.15,38.12,USD,Web,PayPal,cancelled,U.S.,Fl,32577,4,"Loyalty points not applied at checkout, manual credit issued."
ORD-50008,10-06-2024,2024-06-15,CUST-10205,Noah Iyer,,B1,SKU-1772,home & kitchen,3,9.17,5%,27.51,USD,Mobile App,gift_card,pending,United States,WA,65576,4,"Very happy with the product, left 5 star review."
ORD-50138,2024-10-08 19:58:00,2024-10-09,CUST-10224,Marcus Novak,mnovak@testmail.org,C3,SKU-1464,,2,83.48,5%,166.96,cad,store,CC,completed,Canada,NS,P6J 4C2,5,"Order placed in store but shipped to home, tracking confusion."
ORD-50279,2025-04-16 10:09:00,2025-04-17,CUST-10198,Leila Doyle,leila10@mailinator.com,C1,SKU-1149,BEAUTY,3,977.02,0,2931.06,CAD,web,apple_pay,cancelled,CAN,QC,M9H 2C8,5,"Bulk order for office, asked about corporate account pricing."
ORD-50782,2025-03-23,2025-03-24,CUST-10273,Leila Johnson,LEILA.JOHNSON@EXAMPLE.COM,A1,SKU-1954,Outdoor,1,41.92,0,41.92,USD,Mobile App,Debit,completed,US,WA,75947,,Item arrived damaged - box crushed. Replacement sent no charge.
ORD-50413,01/24/2024,2024-01-26,CUST-10239,Mateo Chen,MATEO.CHEN@EXAMPLE.COM,A1,SKU-1934,Apparel ,1,24.85,0.15,24.85,USD,marketplace,PayPal,completed,U.S.,PA,76088,,"Sizing runs small per customer, exchanged for larger size."
ORD-50442,2024-07-09,2024-07-12,CUST-10222,Diego Fitzgerald,diego52@mailinator.com,A1,SKU-1944,Pets,2,20.02,5%,40.04,USD,Web,Debit,completed,US,FL,41508,5,"Sizing runs small per customer, exchanged for larger size."
ORD-50463,"Jan 20, 2024",2024-01-22,CUST-10164,Ines Laurent,INES.LAURENT@EXAMPLE.COM,,SKU-1617,grocery,3,236.84,0,710.52,USD,Mobile App,Credit Card,canceled,United States,PA,61062,5,"Loyalty points not applied at checkout, manual credit issued."
ORD-50832,01/04/2025,2025-01-05,CUST-10126,Fatima Tanaka,ftanaka@testmail.org,B1,SKU-1392,Beauty & Personal Care,2,91.23,0.0,182.46,USD,mobile app,apple_pay,Completed,USA,IL,45063,4,Asked to split delivery across two addresses - not supported.
ORD-50101,01/01/2024,2024-01-04,CUST-10255,Jonas Fitzgerald,jonas34@mailinator.com,,SKU-1973,BEAUTY,1,93.37,0,109.64,CAD,mobile_app,gift_card,cancelled,canada,ontario,P8H 6H8,3,"Customer says price was lower yesterday, asked for price match."
ORD-50532,2025-06-03,2025-06-06,CUST-10267,Maya Singh,MAYA.SINGH@EXAMPLE.COM,C3,SKU-1651,Grocery,1,32.76,0,32.76,USD,in store,Debit,returned,U.S.,WA,29655,4,"Called to cancel, was already shipped. Return label sent."
ORD-50460,2025-02-13,2025-02-18,CUST-10072,Priya Iyer,piyer@testmail.org,B2,SKU-1097,,1,10.74,,10.74,USD,Mobile App,paypal,shipped,United States,Fl,12841,4,"Address correction after dispatch, carrier redirect fee applied."
ORD-50793,1715841360,2024-05-18,CUST-10250,Mateo Fitzgerald,mateo.fitzgerald@example.com,B1,SKU-1329,apparel,1,20.75,0,20.75,USD,store,gift_card,Cancelled,United States,FL,90912,,
ORD-50960,12/02/2024,2024-12-05,CUST-10256,Ravi Bergman,ravi70@mailinator.com,C3,SKU-1989, Electronics,1,23.24,0,23.24,USD,Marketplace,apple_pay,cancelled,United States,IL,73698,5,Return window question - purchased as holiday gift.
ORD-50894,05/15/2024,2024-05-16,CUST-10002,Jonas Costa,jonas.costa@example.com,A2,SKU-1319,Clothing,5,14.27,0,71.35,USD,Web,CC,canceled,U.S.,CA,88200,4,"Customer says price was lower yesterday, asked for price match."
ORD-50216,04/14/2025,2025-04-23,CUST-10209,Elena Iyer,eiyer@testmail.org,X9,SKU-1725,grocery,1,31.02,20 %,31.02,USD,Web,Credit Card,returned,USA,MA,17700,2,"Customer says price was lower yesterday, asked for price match."
ORD-50545,2024-07-13 03:11:00,2024-07-18,CUST-10326,Sofia Petrova,spetrova@testmail.org,X9,SKU-1413,outdoor,1,230.14,0,230.14,,web,PayPal,Returned,Canada,AB,V1G 8B7,5,"Very happy with the product, left 5 star review."
ORD-50603,2025-01-23 21:10:00,2025-02-01,CUST-10124,,diego30@mailinator.com,A2,SKU-1621,Pet supplies,2,942.56,0.0,1885.12,usd,web,Debit,cancelled,US,FL,93275,3,Asked to split delivery across two addresses - not supported.
ORD-50720,2024-02-17,2024-02-18,CUST-10191,Ines Okafor,ines80@mailinator.com,C1,SKU-1392, Home & Kitchen ,3,63.01,0.0,189.03,CAD,marketplace,Credit Card,cancelled,Canada,MB,L1C 8H4,10,Return window question - purchased as holiday gift.
ORD-50173,2025-04-04,2025-04-06,CUST-10154,Chloe Fitzgerald,chloe.fitzgerald@example.com,C3,SKU-1979,beauty,1,59.69,20 %,59.69,CAD,Marketplace,Debit,cancelled,canada,ON,M5J 2C7,4,"Customer says price was lower yesterday, asked for price match."
ORD-50531,1706396940,2024-01-29,CUST-10042,Amara Costa,acosta@testmail.org,C1,SKU-1770,pet supplies,2,14.32,10%,28.64,USD,in store,CC,Returned,U.S.,NY,97574,5,Third return this quarter from this customer.
ORD-50787,2024-12-13,2024-12-11,CUST-10303,Marcus Chen,mchen@testmail.org,C3,SKU-1236,home & kitchen,1,24.67,0.15,24.67,CAD,WEB,PayPal,completed,CAN,ON,K9E 1B8,4,Third return this quarter from this customer.
ORD-50989,2025-04-23,2025-04-25,CUST-10009,Priya Doyle,pdoyle@testmail.org,B2,SKU-1709,Groceries,1,85.49,0,85.49,USD,marketplace,gift_card,Pending,U.S.,TX,68921,3,
ORD-50556,08/28/2024,2024-08-29,CUST-10167,,yuki.haddad@example.com,A1,SKU-1871,OUTDOOR,-1,272.73,5%,-272.73,USD,marketplace,debit_card,pending,us,Texas,81078,4,"Asked about warranty length, unclear on product page."
ORD-51075,2025-05-31 15:05:00,2025-06-02,CUST-10043,Aisha Singh,aisha.singh@example.com,A1,SKU-1328,Apparel,1,24.36,5%,24.36,cad,Web,credit_card,returned,CA,AB,V1A 6J4,3,"Loyalty points not applied at checkout, manual credit issued."
ORD-50002,2024-06-07,2024-06-09,CUST-10252,Leila Reyes,,C3,SKU-1222,Home & Kitchen,1,111.26,0.0,111.26,USD,mobile app,Credit Card,pending,us,WA,58147,5,
ORD-51100,02-01-2024,2024-01-07,CUST-10110,Tomas Nasser,tomas.nasser@example.com,A1,SKU-1457,GROCERY,2,57.68,0,115.36,US$,in store,credit_card,returned,us,TX,92773,4,Product missing accessory listed on the page.
ORD-51119,10/28/2024,,CUST-10173,Zara Singh,,A2,SKU-1612,Groceries,1,108.28,0,127.19,USD,marketplace,Credit Card,shipped,US,CA,62582,5,Payment declined twice before going through.
ORD-50601,20-12-2024,2024-12-29,CUST-10038,Tomas Lindqvist,tomas.lindqvist@example.com,B1,SKU-1377,Apparel,5,9.4,5%,47.0,CAD,WEB,Debit,COMPLETED,canada,NS,K9H 4G6,,Payment declined twice before going through.
ORD-50511,2024-05-12,2024-05-15,CUST-10168,Priya Sharma,PRIYA.SHARMA@EXAMPLE.COM,B2,SKU-1746,Clothing,2,10.36,10%,20.72,CAD,Mobile App,Debit,returned,CAN,Quebec,V9H 2A3,,"Customer called twice about delayed shipment, agent waived shipping fee."
ORD-51058,2024-06-20,2024-06-23,CUST-10170,Sofia Iyer,siyer@testmail.org,B1,SKU-1057,pet supplies,4,57.85,10%,231.4,USD,Web,paypal,Pending,United States,california,37680,4,Item arrived damaged - box crushed. Replacement sent no charge.
ORD-50443,08-03-2025,2025-03-17,CUST-10199,Noah Nasser,nnasser@testmail.org,C1,SKU-1419,grocery,1,54.53,0,54.53,USD,store,PayPal,Shipped,CAN,MB,L8C 1H7,2,"Very happy with the product, left 5 star review."
ORD-50584,08-02-2024,2024-02-11,CUST-10012,Felix Chen,,C1,SKU-1587,,3,9.88,5%,29.64,,Web,paypal,COMPLETED,United States,CA,15543,4,"Asked about warranty length, unclear on product page."
ORD-50789,2025-02-22,2025-02-23,CUST-10085,,,,SKU-1884,Outdoors,1,91.07,5%,91.07,CAD,store,credit_card,COMPLETED,canada,ontario,L6J 2C9,4,Wants to know if this is compatible with the 2023 model.
ORD-50836,2024-01-20,2024-01-25,CUST-10085,Nina Johnson,nina65@mailinator.com,C1,SKU-1407,Grocery,10,32.99,5%,329.9,,Mobile App,gift_card,Cancelled,United States,NJ,34109,4,"Loyalty points not applied at checkout, manual credit issued."
ORD-51139,2024-07-21,2024-07-26,CUST-10257,Camille Sharma,camille35@mailinator.com,B1,SKU-1678,beauty,2,34.47,10%,68.94,CAD,store,,Cancelled,Canada,AB,K5G 6B2,3,"Loyalty points not applied at checkout, manual credit issued."
ORD-50967,2024-10-06,2024-10-07,CUST-10328,Elena Lindqvist,elena39@mailinator.com,A2,SKU-1112,outdoor,4,268.25,0.0,1073.0,US$,in store,,Pending,U.S.,GA,54906,2,Asked to split delivery across two addresses - not supported.
ORD-51056,01/16/2025,2025-01-18,CUST-10020,Jonas Tanaka,jonas.tanaka@example.com,A1,SKU-1335,Beauty & Personal Care,2,9.93,0,19.86,USD,marketplace,credit_card,completed,U.S.,FL,98642,4,"Requested gift wrap, was not applied. Customer upset."
ORD-50768,2024-01-18,2024-01-19,CUST-10307,Sofia Johnson,sjohnson@testmail.org,B2,SKU-1688,Beauty,1,87.33,0.15,87.33,CAD,Mobile App,debit_card,cancelled,CA,B.C.,P7H 3H5,4,Wants sustainable packaging option in future.
ORD-50415,2025-02-03,2025-02-05,CUST-10294,Ines Okafor,iokafor@testmail.org,C3,SKU-1545, Electronics,2,64.66,0,129.32,USD,marketplace,paypal,Pending,U.S.,NY,85609,3,"Duplicate order - customer clicked submit twice, refunded one."
ORD-50165,2025-02-27,2025-02-28,CUST-10260,Elena Bergman,ebergman@testmail.org,X9,SKU-1803, Home & Kitchen ,3,14.0,5%,42.0,USD,mobile app,Gift Card,Pending,U.S.,NJ,40953,3,Wants to know if this is compatible with the 2023 model.
ORD-50181,2024-03-31 20:52:00,2024-04-02,CUST-10105,Leila Haddad,lhaddad@testmail.org,A2,SKU-1633,APPAREL,1,56.86,0,113.72,cad,in store,Gift Card,COMPLETED,CA,BC,N4C 1B2,5,Third return this quarter from this customer.
ORD-50177,12/14/2024,2024-12-19,CUST-10274,Ines Singh,,X9,SKU-1676,ELECTRONICS,2,54.65,10%,109.3,USD,Web,,Pending,US,MA,57089,4,
ORD-51079,1719425520,2024-06-28,CUST-10185,Elena Haddad,ELENA.HADDAD@EXAMPLE.COM,C1,SKU-1092,pet supplies,1,15.33,0,15.33,USD,in store,credit_card,cancelled,U.S.,IL,96512,3,Third return this quarter from this customer.
ORD-50807,2024-02-15,2024-02-17,CUST-10321,Ethan Muller,ETHAN.MULLER@EXAMPLE.COM,A1,SKU-1479,Grocery,1,54.0,20 %,54.0,USD,web,debit_card,Completed,U.S.,IL,83861,5,"Very happy with the product, left 5 star review."
ORD-51045,1708754880,2024-02-25,CUST-10234,Amara Nasser,amara69@mailinator.com,C3,SKU-1907,APPAREL,3,47.78,5%,143.34,USD,mobile app,paypal,cancelled,United States,TX,55177,5,Item arrived damaged - box crushed. Replacement sent no charge.
ORD-50076,04/01/2025,2025-04-04,CUST-10221,Elena Weber,elena.weber@example.com,,SKU-1062,Groceries,2,62.19,10%,124.38,CAD,store,debit_card,shipped,CAN,BC,P4H 9J1,n/a,Payment declined twice before going through.
ORD-50990,11/07/2024,2024-11-09,CUST-10236,Leila Sharma,LEILA.SHARMA@EXAMPLE.COM,A2,SKU-1345,beauty,4,31.42,10%,125.68,,Mobile App,debit_card,returned,USA,new york,98650,5,"Address correction after dispatch, carrier redirect fee applied."
ORD-50611,06/12/2024,2024-06-13,CUST-10099,Mateo Petrova,mpetrova@testmail.org,A2,SKU-1483,Beauty & Personal Care,2,33.1,0,66.2,USD,Marketplace,gift_card,Returned,us,PA,19522,4,Payment declined twice before going through.
ORD-50201,04/17/2024,2024-04-20,CUST-10219,Marcus Novak,marcus98@mailinator.com,A2,SKU-1759,Apparel,5,96.82,0,484.1,USD,Web,paypal,shipped,US,new york,54385,3,Asked to split delivery across two addresses - not supported.
ORD-50565,2025-03-28 08:19:00,2025-03-29,CUST-10285,Tomas Iyer,tomas12@mailinator.com,C1,SKU-1554,Groceries,1,48.28,10%,48.28,USD,store,paypal,cancelled,United States,Texas,90432,4,Wants sustainable packaging option in future.
ORD-50739,2025-01-15,2025-01-18,CUST-10218,Sofia Fitzgerald,SOFIA.FITZGERALD@EXAMPLE.COM,A2,SKU-1855,Outdoor,-1,14.28,5%,-14.28,CAD,mobile_app,apple_pay,COMPLETED,Canada,BC,L1B 7G9,1,"Loyalty points not applied at checkout, manual credit issued."
ORD-50821,11-05-2024,2024-05-12,CUST-10029,Zara Nakamura,ZARA.NAKAMURA@EXAMPLE.COM,B2,SKU-1789,Pets,1,112.88,0.0,112.88,USD,store,,cancelled,United States,IL,13875,5,
ORD-50034,04/21/2024,2024-04-22,CUST-10226,Lucas Nasser,lnasser@testmail.org,A1,SKU-1102,Pet supplies,3,22.57,10%,67.71,USD,Web,,COMPLETED,us,california,10679,10,"Address correction after dispatch, carrier redirect fee applied."
ORD-50665,01/29/2025,2025-02-01,CUST-10173,Zara Singh,zara.singh@example.com,B2,SKU-1497,Outdoor,1,45.89,,45.89,USD,marketplace,Credit Card,COMPLETED,us,Texas,23071,3,Wants to know if this is compatible with the 2023 model.
ORD-50025,2025-06-13 11:08:00,2025-06-18,CUST-10245,Maya Diallo,MAYA.DIALLO@EXAMPLE.COM,X9,SKU-1514,OUTDOOR,3,228.68,10%,686.04,USD,Web,Gift Card,COMPLETED,US,GA,49862,3,"Sizing runs small per customer, exchanged for larger size."
ORD-50358,2024-10-29,2024-11-01,CUST-10133,Chloe Ahmed,chloe74@mailinator.com,A1,SKU-1127,Apparel ,2,22.23,0.0,44.46,,Mobile App,CC,canceled,Canada,QC,N1E 1E1,10,Third return this quarter from this customer.
ORD-50559,"Oct 02, 2024",2024-10-04,CUST-10272,Hugo Alvarez,HUGO.ALVAREZ@EXAMPLE.COM,,SKU-1582,Electronic,1,842.59,-5,842.59,USD,WEB,Debit,returned,USA,MA,33056,5,"Sizing runs small per customer, exchanged for larger size."
ORD-50518,03/01/2024,2024-03-03,CUST-10260,Elena Bergman,ebergman@testmail.org,X9,SKU-1932,Apparel ,1,129.0,,129.0,USD,marketplace,Credit Card,Pending,USA,GA,65079,4,"Asked about warranty length, unclear on product page."
ORD-50530,2024-03-23,2024-03-24,CUST-10105,Leila Haddad,,A1,SKU-1798,,3,14.55,0,43.65,USD,web,credit_card,Completed,US,WA,52270,3,
ORD-50589,05/26/2025,2025-05-31,CUST-10194,Maya Silva,maya.silva@example.com,B1,SKU-1474,Outdoor,1,55.09,5%,55.09,USD,Marketplace,gift_card,pending,US,TX,93281,2,Item arrived damaged - box crushed. Replacement sent no charge.
ORD-50536,2025-01-21 09:26:00,2025-01-30,CUST-10188,Andre Novak,anovak@testmail.org,A1,SKU-1790,Electronic,2,30.73,5%,61.46,USD,mobile_app,Gift Card,Pending,US,new york,75663,4,"Loyalty points not applied at checkout, manual credit issued."
ORD-50036,2024-10-06,2024-10-07,CUST-10171,Tomas Petrova,tomas.petrova@example.com,C3,SKU-1809, Electronics,0,120.58,5%,0.0,USD,mobile_app,CC,Returned,USA,Fl,93719,,Product missing accessory listed on the page.
ORD-50413,01/24/2024,2024-01-26,CUST-10239,Mateo Chen,MATEO.CHEN@EXAMPLE.COM,A1,SKU-1934,Apparel ,1,24.85,0.15,24.85,USD,marketplace,PayPal,completed,U.S.,PA,76088,,"Sizing runs small per customer, exchanged for larger size."
ORD-50070,2025-01-11 05:16:00,2025-01-20,CUST-10134,Yuki Chen,YUKI.CHEN@EXAMPLE.COM,A1,SKU-1045,Pets,2,,10%,,USD,web,gift_card,cancelled,United States,Fl,60197,,"Address correction after dispatch, carrier redirect fee applied."
ORD-50248,"Mar 07, 2024",2024-03-09,CUST-10307,Sofia Johnson,,A1,SKU-1572,OUTDOOR,3,889.37,0,2668.11,CAD,store,Credit Card,Returned,CA,ON,N4J 1E7,4,Product missing accessory listed on the page.
ORD-50778,2024-07-22,2024-07-24,CUST-10294,Ines Okafor,iokafor@testmail.org,C1,SKU-1281,grocery,-1,20.77,0,-20.77,USD,marketplace,credit_card,Shipped,us,PA,74668,4,"Very happy with the product, left 5 star review."
ORD-50047,01/17/2025,2025-01-15,CUST-10024,Jonas Haddad,,X9,SKU-1012,,1,850.71,,850.71,USD,in store,Debit,completed,US,FL,75826,5,Product missing accessory listed on the page.
ORD-50392,2025-03-10,2025-03-13,CUST-10059,Nina Fitzgerald,nina.fitzgerald@example.com,C1,SKU-1202,OUTDOOR,2,92.77,0,185.54,USD,In-Store,PayPal,completed,U.S.,CA,70917,4,"Requested gift wrap, was not applied. Customer upset."
ORD-50703,2025-04-26 14:41:00,,CUST-10017,Sofia Lindqvist,sofia.lindqvist@example.com,,SKU-1460,,10,250.18,0,2501.8,USD,mobile_app,credit_card,Returned,US,NJ,11632,5,"Requested gift wrap, was not applied. Customer upset."
ORD-50400,2024-07-16,2024-07-25,CUST-10085,Nina Johnson,nina65@mailinator.com,C3,SKU-1135,OUTDOOR,2,40.7,0,81.4,USD,mobile_app,apple_pay,canceled,United States,NJ,70187,4,"Asked about warranty length, unclear on product page."
ORD-50228,06/26/2024,2024-06-27,CUST-10334,Kai Reyes,KAI.REYES@EXAMPLE.COM,B2,SKU-1570,Pet supplies,3,,0.0,,USD,Mobile App,paypal,pending,US,new york,30788,3,Wants sustainable packaging option in future.
ORD-50237,05/07/2025,2025-05-16,CUST-10145,Elena Petrova,elena57@mailinator.com,B1,SKU-1780,apparel,3,80.14,0.15,240.42,USD,In-Store,,canceled,US,Fl,29527,,"Sizing runs small per customer, exchanged for larger size."
ORD-50597,2025-01-20 12:43:00,2025-01-25,CUST-10333,Yuki Okafor,yuki.okafor@example.com,,SKU-1420,Outdoors,3,32.95,0.15,98.85,USD,Mobile App,CC,completed,USA,NY,50729,4,Payment declined twice before going through.
ORD-50467,03/04/2024,2024-03-06,CUST-10120,Felix Nakamura,felix53@mailinator.com,,SKU-1162,HOME & KITCHEN,-1,41.23,0,-52.57,USD,Mobile App,debit_card,shipped,US,GA,17407,5,"Order placed in store but shipped to home, tracking confusion."
ORD-50592,06/23/2025,2025-06-25,CUST-10256,Ravi Bergman,ravi70@mailinator.com,B2,SKU-1849,Clothing,1,55.64,10%,55.64,,mobile_app,paypal,pending,canada,BC,P3J 4H7,3,"Bulk order for office, asked about corporate account pricing."
ORD-50640,08/13/2024,2024-08-14,CUST-10080,Yuki Nakamura,,A2,SKU-1507,Beauty,1,48.48,,48.48,CAD,WEB,CC,Completed,CA,Quebec,K6H 9E2,,"Order placed in store but shipped to home, tracking confusion."
ORD-50999,2024-01-18 13:07:00,2024-01-19,CUST-10062,Sofia Diallo,sdiallo@testmail.org,C3,SKU-1913,Beauty & Personal Care,3,21.82,,65.46,USD,mobile app,CC,completed,USA,IL,10101,4,Wants to know if this is compatible with the 2023 model.
ORD-50162,07/16/2024,2024-07-21,CUST-10170,Sofia Iyer,siyer@testmail.org,A2,SKU-1015,Beauty,1,943.15,10%,1192.75,CAD,Web,debit_card,returned,Canada,AB,M9C 5B5,5,"Address correction after dispatch, carrier redirect fee applied."
ORD-50328,2024-11-25,2024-11-26,CUST-10190,Maya Okafor,maya32@mailinator.com,A2,SKU-1587,APPAREL,1,46.69,0,46.69,USD,store,paypal,cancelled,USA,GA,35971,3,Third return this quarter from this customer.
ORD-50572,2024-06-27,2024-06-29,CUST-10255,Jonas Fitzgerald,jonas34@mailinator.com,,SKU-1736,Outdoor,1,90.84,10%,90.84,USD,mobile app,CC,Returned,us,GA,83179,10,Wants sustainable packaging option in future.
ORD-50482,2024-02-10,2024-02-11,CUST-10228,,,A1,SKU-1115,Pets,1,32.61,10%,32.61,USD,in store,credit_card,Shipped,USA,PA,27964,4,"Customer says price was lower yesterday, asked for price match."
ORD-50926,"Jul 31, 2024",,CUST-10010,Noah Rossi,noah.rossi@example.com,C1,SKU-1331,Pet Supplies,1,,5%,,USD,mobile app,PayPal,Cancelled,USA,FL,85577,5,"Customer says price was lower yesterday, asked for price match."
ORD-50379,2024-05-26 05:30:00,2024-05-28,CUST-10315,Elena Alvarez,ealvarez@testmail.org,,SKU-1435,PET SUPPLIES,1,10.56,,10.56,USD,in store,Credit Card,shipped,US,Texas,83419,4,Asked to split delivery across two addresses - not supported.
ORD-50090,2024-10-16,2024-10-17,CUST-10266,Maya Muller,maya.muller@example.com,C1,SKU-1671,Groceries,2,10.01,-5,20.02,USD,Mobile App,debit_card,COMPLETED,U.S.,NJ,77802,5,Item arrived damaged - box crushed. Replacement sent no charge.
ORD-50485,"Nov 30, 2024",2024-12-02,CUST-10074,Felix Lindqvist,felix.lindqvist@example.com,B1,SKU-1480,Grocery,1,57.36,0.0,57.36,usd,mobile app,Gift Card,returned,U.S.,IL,90788,5,"Loyalty points not applied at checkout, manual credit issued."
ORD-50889,"Feb 12, 2024",2024-02-15,CUST-10092,Owen Tanaka,owen51@mailinator.com,B1,SKU-1926,apparel,4,61.25,0,245.0,USD,WEB,Debit,Pending,us,NY,85263,4,"Customer says price was lower yesterday, asked for price match."
ORD-50991,2025-03-04,2025-03-05,CUST-10292,Hugo Rossi,HUGO.ROSSI@EXAMPLE.COM,C3,SKU-1494,home & kitchen,1,123.53,0,123.53,USD,Mobile App,CC,Cancelled,USA,IL,60062,5,"Duplicate order - customer clicked submit twice, refunded one."
ORD-50300,2024-10-11 04:17:00,2024-10-12,CUST-10112,Tomas Chen,tomas48@mailinator.com,A2,SKU-1001,ELECTRONICS,2,18.89,-5,37.78,USD,mobile app,paypal,Completed,U.S.,NY,81994,4,"Duplicate order - customer clicked submit twice, refunded one."
ORD-50052,2024-09-05,2024-09-07,CUST-10047,Ethan Haddad,ethan.haddad@example.com,A2,SKU-1171,Outdoors,4,9.57,0,38.28,,In-Store,Credit Card,cancelled,US,california,42990,10,
ORD-50427,2025-04-27,2025-05-02,CUST-10072,Priya Iyer,piyer@testmail.org,C3,SKU-1896,Pet supplies,3,10.26,5%,30.78,USD,store,Debit,Completed,us,CA,92168,4,"Called to cancel, was already shipped. Return label sent."
ORD-50514,01/08/2024,2024-01-09,CUST-10021,Ethan Laurent,ethan22@mailinator.com,B1,SKU-1484, Home & Kitchen ,1,242.76,0,242.76,USD,mobile app,Credit Card,Returned,U.S.,new york,14257,5,
ORD-51043,2024-08-11,2024-08-16,CUST-10114,Lucas Ahmed,lahmed@testmail.org,A2,SKU-1825,PET SUPPLIES,1,986.42,10%,986.42,USD,store,Credit Card,pending,United States,GA,93469,,"Sizing runs small per customer, exchanged for larger size."
ORD-50093,2024-07-03,,CUST-10211,Yuki Ahmed,yuki58@mailinator.com,B2,SKU-1779,home & kitchen,1,23.24,0,23.24,USD,WEB,gift_card,Completed,United States,TX,26961,5,
ORD-50594,2024-01-03 12:29:00,2024-01-04,CUST-10064,Andre Nakamura,ANDRE.NAKAMURA@EXAMPLE.COM,A2,SKU-1806,Pet supplies,2,262.64,0,525.28,,WEB,PayPal,pending,us,NJ,59352,10,"Order placed in store but shipped to home, tracking confusion."
ORD-50731,2024-04-25 19:34:00,2024-04-28,CUST-10111,Noah Rossi,noah89@mailinator.com,B2,SKU-1024,,1,903.08,0,903.08,USD,store,apple_pay,Completed,CAN,MB,K6J 4A3,3,Wants to know if this is compatible with the 2023 model.
ORD-50007,2025-03-15 17:49:00,2025-03-18,CUST-10336,,ethan46@mailinator.com,C1,SKU-1029,beauty,4,48.11,10%,192.44,USD,Mobile App,paypal,cancelled,U.S.,PA,10800,3,"Duplicate order - customer clicked submit twice, refunded one."
ORD-51013,2025-04-28 19:17:00,2025-04-30,CUST-10181,Kai Dubois,kai.dubois@example.com,,SKU-1271,Groceries,1,82.33,0,82.33,USD,marketplace,Gift Card,canceled,United States,MA,10486,5,"Customer says price was lower yesterday, asked for price match."
ORD-50627,2025-02-27,2025-02-28,CUST-10016,Liang Muller,lmuller@testmail.org,B2,SKU-1813,Outdoor,2,64.06,,128.12,CAD,Mobile App,,cancelled,CAN,ON,N6J 9J9,4,"Called to cancel, was already shipped. Return label sent."
ORD-50573,2024-02-08 01:16:00,2024-02-10,CUST-10076,Sofia Nakamura,sofia97@mailinator.com,,SKU-1357,Home & Kitchen,1,44.07,0.15,44.07,USD,mobile app,,returned,US,NJ,56840,3,
ORD-50055,2025-03-04 17:02:00,2025-03-06,CUST-10078,Grace Lindqvist,grace.lindqvist@example.com,A2,SKU-1111,PET SUPPLIES,3,14.35,,43.05,USD,mobile app,CC,pending,us,WA,90304,2,
ORD-50521,2025-03-12 00:30:00,2025-03-14,CUST-10030,Priya Tanaka,priya18@mailinator.com,,SKU-1205,PET SUPPLIES,2,23.58,5%,47.16,USD,In-Store,PayPal,Shipped,USA,IL,31031,4,"Very happy with the product, left 5 star review."
ORD-51120,28-05-2025,2025-05-29,CUST-10061,,sahmed@testmail.org,B1,SKU-1611,Outdoor,2,236.12,0,472.24,USD,in store,paypal,completed,United States,NJ,74277,,"Requested gift wrap, was not applied. Customer upset."
ORD-51127,2025-04-01,2025-04-03,CUST-10150,Priya Okafor,priya6@mailinator.com,A1,SKU-1786,PET SUPPLIES,5,45.74,0,228.7,CAD,WEB,Debit,Cancelled,canada,BC,P7E 1A7,4,"Address correction after dispatch, carrier redirect fee applied."
ORD-50495,05/19/2024,2024-05-24,CUST-10236,Leila Sharma,LEILA.SHARMA@EXAMPLE.COM,X9,SKU-1910,Apparel ,1,15.12,10%,15.12,,in store,paypal,Returned,CA,QC,P7J 5G7,3,Third return this quarter from this customer.
ORD-50673,24-04-2024,2024-04-26,CUST-10204,Amara Lindqvist,AMARA.LINDQVIST@EXAMPLE.COM,C1,SKU-1706,Pet supplies,3,14.78,0,44.34,USD,marketplace,Debit,returned,USA,IL,38437,5,"Requested gift wrap, was not applied. Customer upset."
ORD-50797,2025-03-20 15:50:00,2025-03-22,CUST-10147,Jonas Rossi,jrossi@testmail.org,A1,SKU-1862,Home & Kitchen,2,34.24,0.0,68.48,CAD,web,credit_card,shipped,canada,MB,V7B 9H6,5,Asked to split delivery across two addresses - not supported.
ORD-50208,04/23/2025,2025-04-28,CUST-10319,Aisha Iyer,aisha73@mailinator.com,A1,SKU-1534,OUTDOOR,2,112.33,,224.66,CAD,mobile_app,CC,Pending,CAN,Quebec,V5J 7E6,,Wants to know if this is compatible with the 2023 model.
ORD-50219,"Jun 04, 2025",2025-06-07,CUST-10287,Noah Laurent,NOAH.LAURENT@EXAMPLE.COM,B1,SKU-1426,Beauty & Personal Care,2,18.49,5%,36.98,USD,In-Store,,Completed,Canada,BC,M1C 2E6,5,"Requested gift wrap, was not applied. Customer upset."
ORD-50811,02-04-2025,2025-04-03,CUST-10219,Marcus Novak,marcus98@mailinator.com,B2,SKU-1607,ELECTRONICS,4,123.06,0.15,492.24,usd,in store,Gift Card,Returned,us,IL,99848,1,"Very happy with the product, left 5 star review."
ORD-51004,2024-05-17 11:33:00,2024-05-19,CUST-10155,Zara Singh,zara.singh@example.com,,SKU-1720,Apparel,2,927.02,0,1854.04,cad,web,,shipped,CAN,ON,K7E 9E2,5,"Address correction after dispatch, carrier redirect fee applied."
ORD-50434,31-01-2025,,CUST-10247,Diego Kowalski,diego.kowalski@example.com,B2,SKU-1327,Groceries,1,131.96,0.15,131.96,CAD,WEB,paypal,Pending,CAN,B.C.,L9G 3A9,5,"Order placed in store but shipped to home, tracking confusion."
ORD-50125,2024-07-01,2024-07-10,CUST-10264,Ethan Tanaka,ethan.tanaka@example.com,B2,SKU-1510,Outdoor,3,31.1,0,93.3,CAD,mobile_app,Debit,shipped,Canada,QC,L4J 4J6,3,"Requested gift wrap, was not applied. Customer upset."
ORD-50191,2025-03-28,2025-03-30,CUST-10279,Ethan Singh,ETHAN.SINGH@EXAMPLE.COM,A1,SKU-1411,Outdoors,2,32.58,0,65.16,USD,mobile app,Credit Card,cancelled,us,new york,17213,5,"Bulk order for office, asked about corporate account pricing."
ORD-50445,02/12/2024,,CUST-10019,Mateo Silva,,A1,SKU-1971,Groceries,1,13.75,0.15,16.27,USD,Mobile App,CC,cancelled,United States,california,70559,3,
ORD-50877,2024-10-15,2024-10-18,CUST-10120,Felix Nakamura,felix53@mailinator.com,B1,SKU-1130,APPAREL,3,9.03,0,27.09,,Mobile App,debit_card,Returned,USA,TX,11741,4,Payment declined twice before going through.
ORD-50764,1741096860,2025-03-07,CUST-10044,Hugo Laurent,hugo39@mailinator.com,B2,SKU-1002,pet supplies,10,33.98,0,339.8,USD,in store,CC,Shipped,US,CA,40408,5,Wants sustainable packaging option in future.
ORD-50637,01/09/2025,2025-01-10,CUST-10029,Zara Nakamura,ZARA.NAKAMURA@EXAMPLE.COM,X9,SKU-1938,Electronic,1,22.85,-5,22.85,CAD,In-Store,paypal,canceled,CA,AB,N5H 6B6,10,Product missing accessory listed on the page.
ORD-50364,2025-02-01,2025-02-04,CUST-10240,Noah Ferreira,NOAH.FERREIRA@EXAMPLE.COM,C3,SKU-1605,Pet Supplies,1,10.66,0,10.66,CAD,web,Credit Card,Pending,CAN,QC,M8E 8H7,4,Third return this quarter from this customer.
ORD-51021,2024-06-03,2024-06-08,CUST-10121,Yuki Alvarez,yuki.alvarez@example.com,B1,SKU-1398,electronics,2,,10%,,USD,Marketplace,Credit Card,Completed,United States,california,97454,5,Item arrived damaged - box crushed. Replacement sent no charge.
ORD-50296,2024-08-24,2024-08-25,CUST-10098,Zara Fitzgerald,zfitzgerald@testmail.org,C3,SKU-1287,Apparel ,1,22.04,0.0,22.04,CAD,mobile_app,paypal,completed,canada,B.C.,L1A 1H6,3,Third return this quarter from this customer.
ORD-50246,2025-03-18,2025-03-20,CUST-10272,Hugo Alvarez,,B2,SKU-1048,Outdoors,2,80.13,5%,160.26,,In-Store,paypal,completed,US,Fl,61361,3,Wants to know if this is compatible with the 2023 model.
ORD-50569,2024-06-07,2024-06-10,CUST-10092,Owen Tanaka,owen51@mailinator.com,,SKU-1391, Electronics,2,34.37,5%,68.74,USD,Web,PayPal,completed,U.S.,GA,82007,,"Very happy with the product, left 5 star review."
ORD-50907,29-04-2024,2024-05-01,CUST-10176,Maya Dubois,maya54@mailinator.com,C3,SKU-1410, Electronics,4,234.29,0.15,937.16,USD,store,gift_card,returned,US,FL,38673,,Payment declined twice before going through.
ORD-50900,2025-01-16 07:58:00,2025-01-25,CUST-10321,Ethan Muller,ETHAN.MULLER@EXAMPLE.COM,,SKU-1495,electronics,5,128.42,10%,642.1,CAD,mobile app,credit_card,Cancelled,Canada,AB,L2H 8G3,4,"Sizing runs small per customer, exchanged for larger size."
ORD-51091,2024-12-28 21:26:00,2024-12-29,CUST-10013,,tomas.bergman@example.com,X9,SKU-1658,APPAREL,4,858.13,0,3432.52,usd,WEB,debit_card,returned,U.S.,MA,59336,5,Third return this quarter from this customer.
ORD-50347,2024-05-23 08:50:00,2024-05-25,CUST-10268,Aisha Laurent,alaurent@testmail.org,X9,SKU-1985,Beauty,1,19.4,0.0,19.4,USD,marketplace,Gift Card,pending,U.S.,GA,78869,4,"Sizing runs small per customer, exchanged for larger size."
ORD-51149,05/03/2024,2024-05-05,CUST-10191,Ines Okafor,ines80@mailinator.com,A1,SKU-1486,Clothing,1,116.92,0.15,116.92,USD,Mobile App,Credit Card,cancelled,USA,TX,10171,5,Asked to split delivery across two addresses - not supported.
ORD-50050,1711039620,2024-03-22,CUST-10153,Leila Nasser,LEILA.NASSER@EXAMPLE.COM,X9,SKU-1992,Clothing,1,62.11,0.0,62.11,USD,Mobile App,gift_card,canceled,United States,Texas,39902,4,Asked to split delivery across two addresses - not supported.
ORD-50652,01-02-2024,2024-02-04,CUST-10323,Elena Laurent,ELENA.LAURENT@EXAMPLE.COM,B1,SKU-1123,Pets,5,30.8,0,154.0,USD,web,paypal,canceled,United States,MA,59563,4,Return window question - purchased as holiday gift.
ORD-50969,2024-07-31,2024-08-02,CUST-10267,Maya Singh,MAYA.SINGH@EXAMPLE.COM,,SKU-1047,apparel,1,,,,USD,store,,pending,US,TX,73329,4,"Order placed in store but shipped to home, tracking confusion."
ORD-51067,06/14/2024,2024-06-23,CUST-10109,Camille Tanaka,CAMILLE.TANAKA@EXAMPLE.COM,A2,SKU-1133,Groceries,10,21.22,0.0,212.2,USD,web,gift_card,returned,United States,CA,34380,5,Third return this quarter from this customer.
ORD-50282,1734028020,2024-12-15,CUST-10218,,SOFIA.FITZGERALD@EXAMPLE.COM,,SKU-1309,pet supplies,5,14.08,0.0,70.4,US$,Marketplace,PayPal,Pending,US,CA,97914,5,"Very happy with the product, left 5 star review."
ORD-50206,10-04-2024,2024-04-11,CUST-10215,Felix Tanaka,ftanaka@testmail.org,B1,SKU-1629,Electronics,3,226.1,5%,678.3,USD,mobile_app,gift_card,pending,us,WA,19872,,"Order placed in store but shipped to home, tracking confusion."
ORD-50801,01/13/2025,,CUST-10148,Sofia Ferreira,sofia97@mailinator.com,X9,SKU-1025, Home & Kitchen ,2,62.36,5%,124.72,USD,store,,canceled,USA,california,91727,4,Asked to split delivery across two addresses - not supported.
ORD-50710,2024-05-13,2024-05-15,CUST-10242,Priya Sharma,,B1,SKU-1276,Apparel ,2,24.84,0.15,49.68,USD,mobile app,apple_pay,returned,U.S.,MA,55974,3,Item arrived damaged - box crushed. Replacement sent no charge.
ORD-50115,05/29/2024,2024-05-31,CUST-10005,Tomas Doyle,,C3,SKU-1239,pet supplies,4,259.2,0,1036.8,USD,mobile app,PayPal,canceled,USA,GA,69591,,Item arrived damaged - box crushed. Replacement sent no charge.
ORD-50376,2024-04-26,2024-04-27,CUST-10041,Diego Iyer,DIEGO.IYER@EXAMPLE.COM,X9,SKU-1408,,3,55.52,0.15,166.56,CAD,Mobile App,,Shipped,CA,BC,P6G 6G3,3,Wants sustainable packaging option in future.
ORD-50289,2025-01-14,2025-01-17,CUST-10262,Elena Rossi,elena.rossi@example.com,,SKU-1514,pet supplies,2,19.51,10%,39.02,USD,in store,debit_card,Shipped,US,california,93313,,Return window question - purchased as holiday gift.
ORD-51057,08/23/2024,2024-08-24,CUST-10185,Elena Haddad,ELENA.HADDAD@EXAMPLE.COM,,SKU-1373,home & kitchen,1,9.29,0,9.29,USD,In-Store,Debit,pending,us,GA,70386,5,
ORD-50763,2025-04-19 02:29:00,2025-04-28,CUST-10081,Ravi Nasser,RAVI.NASSER@EXAMPLE.COM,C1,SKU-1175,Beauty,2,62.42,5%,124.84,usd,web,debit_card,Pending,USA,Texas,87510,5,"Customer says price was lower yesterday, asked for price match."
ORD-50942,2024-07-07,2024-07-09,CUST-10208,Ethan Weber,ETHAN.WEBER@EXAMPLE.COM,B1,SKU-1056,PET SUPPLIES,1,31.61,10%,31.61,USD,marketplace,Credit Card,completed,US,Texas,64965,10,Asked to split delivery across two addresses - not supported.
ORD-50406,06-07-2024,2024-07-07,CUST-10273,Leila Johnson,,C1,SKU-1565,Grocery,-1,9.88,10%,-9.88,USD,Web,CC,returned,USA,IL,49683,2,"Customer says price was lower yesterday, asked for price match."
ORD-50781,2024-09-11 19:59:00,2024-09-13,CUST-10300,Owen Lindqvist,,B2,SKU-1602,Apparel,3,48.54,0,145.62,,web,debit_card,returned,Canada,ON,M9G 7H5,5,"Customer called twice about delayed shipment, agent waived shipping fee."
ORD-50695,2024-04-26,,CUST-10200,Hugo Muller,hugo.muller@example.com,C3,SKU-1590,,1,24.66,5%,24.66,USD,marketplace,,Pending,Canada,ontario,P3J 2E8,5,Payment declined twice before going through.
ORD-50803,2024-01-06,2024-01-08,CUST-10165,Camille Fitzgerald,CAMILLE.FITZGERALD@EXAMPLE.COM,B1,SKU-1298,ELECTRONICS,5,41.4,5%,207.0,USD,store,PayPal,cancelled,U.S.,GA,43469,4,"Duplicate order - customer clicked submit twice, refunded one."
ORD-50502,03/18/2025,2025-03-19,CUST-10153,Leila Nasser,LEILA.NASSER@EXAMPLE.COM,,SKU-1950,home & kitchen,1,96.98,,96.98,USD,store,PayPal,shipped,U.S.,NY,47547,4,"Address correction after dispatch, carrier redirect fee applied."
ORD-50810,2024-01-24,2024-01-25,CUST-10046,Tomas Singh,tomas.singh@example.com,,SKU-1639,beauty,1,21.53,0.15,27.94,USD,WEB,CC,shipped,U.S.,PA,71803,5,"Called to cancel, was already shipped. Return label sent."
ORD-50158,2025-02-28,2025-03-03,CUST-10092,,owen51@mailinator.com,C1,SKU-1260,outdoor,3,21.61,10%,64.83,cad,in store,Gift Card,cancelled,CA,AB,K2H 6C7,5,"Asked about warranty length, unclear on product page."
ORD-50881,"Jul 21, 2024",2024-07-26,CUST-10012,Felix Chen,FELIX.CHEN@EXAMPLE.COM,B2,SKU-1831,,1,19.97,,19.97,USD,web,credit_card,Returned,CAN,ON,K9J 4A9,4,"Requested gift wrap, was not applied. Customer upset."
ORD-50973,2025-01-11 17:14:00,2025-01-16,CUST-10012,Felix Chen,FELIX.CHEN@EXAMPLE.COM,A1,SKU-1418,OUTDOOR,1,32.84,0,32.84,cad,mobile app,Credit Card,canceled,CAN,AB,M6C 7G4,5,Payment declined twice before going through.
ORD-51135,07/28/2024,2024-07-31,CUST-10146,Aisha Johnson,aisha95@mailinator.com,C3,SKU-1232,electronics,2,244.09,5%,488.18,USD,Mobile App,apple_pay,canceled,United States,IL,31578,5,"Asked about warranty length, unclear on product page."
ORD-51095,10-06-2025,2025-06-13,CUST-10119,Amara Alvarez,aalvarez@testmail.org,A1,SKU-1476,Electronics,3,24.24,10%,72.72,,WEB,,Pending,United States,IL,91652,4,
ORD-50639,1705244100,2024-01-15,CUST-10165,Camille Fitzgerald,CAMILLE.FITZGERALD@EXAMPLE.COM,C1,SKU-1185,GROCERY,2,57.62,0.0,115.24,,Mobile App,credit_card,pending,US,Fl,44704,5,"Called to cancel, was already shipped. Return label sent."
ORD-50269,03/27/2025,2025-03-29,CUST-10325,Zara Moreno,zara87@mailinator.com,X9,SKU-1437,APPAREL,4,81.52,0,326.08,USD,Mobile App,apple_pay,returned,United States,WA,30027,5,"Address correction after dispatch, carrier redirect fee applied."
ORD-50804,2024-07-25,2024-07-27,CUST-10131,Ethan Iyer,eiyer@testmail.org,C3,SKU-1840,GROCERY,1,122.13,0.0,122.13,USD,Web,gift_card,completed,U.S.,NY,42132,4,Item arrived damaged - box crushed. Replacement sent no charge.
ORD-51057,08/23/2024,2024-08-24,CUST-10185,Elena Haddad,ELENA.HADDAD@EXAMPLE.COM,,SKU-1373,home & kitchen,1,9.29,0,9.29,USD,In-Store,Debit,pending,us,GA,70386,5,
ORD-50461,2024-03-02,2024-03-04,CUST-10281,Tomas Sharma,TOMAS.SHARMA@EXAMPLE.COM,,SKU-1822,electronics,1,261.18,5%,261.18,US$,Mobile App,,COMPLETED,USA,GA,54378,5,"Asked about warranty length, unclear on product page."
ORD-50172,12/17/2024,2024-12-22,CUST-10337,Camille Doyle,cdoyle@testmail.org,X9,SKU-1243,BEAUTY,3,34.6,,103.8,USD,WEB,debit_card,Returned,CAN,B.C.,V6A 5J2,2,"Very happy with the product, left 5 star review."
ORD-50030,2025-02-15,2025-02-16,CUST-10049,Owen Chen,owen.chen@example.com,B1,SKU-1335,BEAUTY,3,45.52,0,136.56,USD,store,apple_pay,Pending,USA,FL,49221,5,Wants sustainable packaging option in future.
ORD-50904,01/19/2025,2025-01-20,CUST-10281,Tomas Sharma,TOMAS.SHARMA@EXAMPLE.COM,B1,SKU-1370,pet supplies,1,13.19,0,13.19,USD,in store,debit_card,pending,US,FL,20065,,Asked to split delivery across two addresses - not supported.
ORD-50226,2025-02-05,2025-02-08,CUST-10078,Grace Lindqvist,grace.lindqvist@example.com,C1,SKU-1037,PET SUPPLIES,-1,80.45,10%,-80.45,USD,marketplace,apple_pay,pending,USA,FL,73950,3,Item arrived damaged - box crushed. Replacement sent no charge.
ORD-50917,04/05/2024,2024-04-06,CUST-10016,Liang Muller,lmuller@testmail.org,X9,SKU-1463,,3,88.71,0,266.13,USD,Web,gift_card,pending,USA,MA,39669,5,"Customer called twice about delayed shipment, agent waived shipping fee."
ORD-50770,2024-08-15,2024-08-17,CUST-10192,Owen Sharma,owen.sharma@example.com,C3,SKU-1797,PET SUPPLIES,1,31.06,0,31.06,USD,mobile_app,PayPal,Pending,U.S.,NY,45648,,Wants sustainable packaging option in future.
ORD-50806,02/02/2025,2025-02-03,CUST-10248,Ethan Costa,ethan13@mailinator.com,X9,SKU-1769,Groceries,1,31.68,,31.68,CAD,in store,credit_card,Returned,Canada,QC,M8H 4G5,5,"Sizing runs small per customer, exchanged for larger size."
ORD-50157,2024-10-08,2024-10-09,CUST-10165,Camille Fitzgerald,CAMILLE.FITZGERALD@EXAMPLE.COM,A2,SKU-1495, Electronics,3,64.11,0,192.33,CAD,Mobile App,PayPal,Returned,canada,BC,M5G 6B8,4,
ORD-50791,"Apr 16, 2025",2025-04-17,CUST-10187,Ines Rossi,ines.rossi@example.com,X9,SKU-1445,Apparel,2,46.75,10%,93.5,USD,store,apple_pay,shipped,United States,PA,66319,4,"Requested gift wrap, was not applied. Customer upset."
ORD-50500,01/16/2025,2025-01-18,CUST-10112,Tomas Chen,tomas48@mailinator.com,C3,SKU-1539,beauty,5,82.13,,410.65,USD,marketplace,Gift Card,pending,U.S.,PA,46564,5,"Customer says price was lower yesterday, asked for price match."
ORD-50674,10/11/2024,2024-10-14,CUST-10248,Ethan Costa,ethan13@mailinator.com,A1,SKU-1058,Outdoor,1,247.32,5%,340.73,USD,store,credit_card,Pending,United States,PA,32032,5,Item arrived damaged - box crushed. Replacement sent no charge.
ORD-50431,2025-05-26,2025-05-28,CUST-10082,Priya Doyle,priya38@mailinator.com,C1,SKU-1103,Clothing,3,123.56,0.15,370.68,usd,store,paypal,Returned,U.S.,Texas,75168,5,Asked to split delivery across two addresses - not supported.
ORD-50349,15-09-2024,2024-09-16,CUST-10015,Nina Doyle,nina.doyle@example.com,B2,SKU-1088,APPAREL,1,86.82,0.15,86.82,USD,Marketplace,Credit Card,shipped,us,NJ,14356,5,"Customer called twice about delayed shipment, agent waived shipping fee."
ORD-50577,2024-01-09,2024-01-10,CUST-10144,Diego Doyle,,B2,SKU-1717,Apparel,1,10.57,5%,10.57,,mobile app,PayPal,Completed,us,TX,95872,1,"Bulk order for office, asked about corporate account pricing."
ORD-50919,01/11/2025,2025-01-13,CUST-10151,Marcus Reyes,marcus.reyes@example.com,X9,SKU-1673,GROCERY,1,814.64,0.0,814.64,usd,Mobile App,credit_card,Returned,USA,Texas,85491,4,Return window question - purchased as holiday gift.
ORD-50202,2025-02-18,2025-02-23,CUST-10217,Tomas Okafor,tomas67@mailinator.com,B1,SKU-1030,PET SUPPLIES,1,254.67,0,254.67,USD,Web,gift_card,pending,United States,MA,13506,10,Asked to split delivery across two addresses - not supported.
ORD-51116,2025-01-01,2025-01-03,CUST-10199,Noah Nasser,nnasser@testmail.org,C3,SKU-1398, Electronics,3,838.84,-5,2516.52,usd,In-Store,Credit Card,completed,U.S.,Texas,78303,5,"Bulk order for office, asked about corporate account pricing."
ORD-51089,"Apr 13, 2025",2025-04-16,CUST-10245,,MAYA.DIALLO@EXAMPLE.COM,C1,SKU-1004,Pet supplies,1,23.96,5%,23.96,CAD,Mobile App,Debit,Completed,CA,ontario,M8B 9A5,5,Asked to split delivery across two addresses - not supported.
ORD-50446,03/12/2024,2024-03-15,CUST-10149,Jonas Moreno,,A2,SKU-1419,Outdoor,1,,0,,usd,WEB,paypal,cancelled,United States,NY,15037,3,"Requested gift wrap, was not applied. Customer upset."
ORD-50108,04/01/2025,2025-04-10,CUST-10169,,leila91@mailinator.com,X9,SKU-1937,ELECTRONICS,1,251.51,0,251.51,USD,Mobile App,Gift Card,Pending,US,CA,47070,1,Wants sustainable packaging option in future.
ORD-50736,14-02-2025,2025-02-16,CUST-10193,Nina Doyle,ndoyle@testmail.org,,SKU-1621,pet supplies,1,15.54,0,15.54,USD,web,Debit,returned,U.S.,FL,78592,n/a,"Called to cancel, was already shipped. Return label sent."
ORD-50271,2025-05-04 01:58:00,2025-05-07,CUST-10178,Marcus Okafor,mokafor@testmail.org,C1,SKU-1619,OUTDOOR,2,46.77,10%,123.46,USD,Mobile App,debit_card,Returned,United States,california,85804,10,"Address correction after dispatch, carrier redirect fee applied."
ORD-50472,2024-02-01,2024-02-02,CUST-10152,Elena Iyer,elena81@mailinator.com,C1,SKU-1276,,5,30.4,0,186.06,,Web,CC,shipped,USA,CA,18540,4,Asked to split delivery across two addresses - not supported.
ORD-50426,2024-09-05,2024-09-07,CUST-10313,Owen Costa,OWEN.COSTA@EXAMPLE.COM,B2,SKU-1986,Outdoor,1,55.67,5%,55.67,US$,store,Credit Card,Pending,USA,Texas,86798,10,"Duplicate order - customer clicked submit twice, refunded one."
ORD-50784,1739668680,2025-02-21,CUST-10283,Amara Laurent,,B2,SKU-1615,Electronic,1,21.19,10%,21.19,CAD,In-Store,gift_card,Shipped,CA,QC,M5C 8H1,,"Duplicate order - customer clicked submit twice, refunded one."
ORD-50925,2024-08-08 16:16:00,,CUST-10328,Elena Lindqvist,elena39@mailinator.com,,SKU-1849, Home & Kitchen ,2,15.5,,31.0,USD,mobile app,credit_card,pending,US,CA,54394,2,Wants sustainable packaging option in future.
ORD-50582,2024-12-06 02:03:00,2024-12-07,CUST-10031,Andre Novak,anovak@testmail.org,B2,SKU-1820,Beauty,1,9.81,20 %,9.81,cad,mobile_app,credit_card,completed,CA,Quebec,P7B 6G9,5,"Very happy with the product, left 5 star review."
ORD-50317,2025-04-07,2025-04-16,CUST-10216,Zara Reyes,zreyes@testmail.org,X9,SKU-1350,ELECTRONICS,2,13.46,0,26.92,USD,mobile_app,paypal,Cancelled,CA,MB,N8G 3H7,4,"Called to cancel, was already shipped. Return label sent."
ORD-50560,2024-10-28,,CUST-10137,Ethan Haddad,ethan.haddad@example.com,X9,SKU-1850,electronics,10,59.52,10%,595.2,usd,mobile_app,Gift Card,Returned,USA,MA,23513,4,"Address correction after dispatch, carrier redirect fee applied."
ORD-50772,2025-01-28,2025-01-30,CUST-10025,Owen Ferreira,oferreira@testmail.org,C3,SKU-1386,electronics,2,56.2,,112.4,USD,marketplace,,COMPLETED,us,PA,87068,,"Asked about warranty length, unclear on product page."
ORD-51090,2025-06-12,2025-06-17,CUST-10037,Ethan Petrova,epetrova@testmail.org,C1,SKU-1388,Beauty & Personal Care,1,32.01,0.15,32.01,CAD,WEB,PayPal,returned,CAN,ontario,L7G 5J4,4,Wants to know if this is compatible with the 2023 model.
ORD-50372,2024-08-08,2024-08-09,CUST-10274,Ines Singh,ines.singh@example.com,X9,SKU-1810,apparel,4,64.31,,257.24,CAD,Mobile App,credit_card,shipped,CAN,NS,V4A 5H2,5,Asked to split delivery across two addresses - not supported.
ORD-51033,2025-04-27,2025-04-28,CUST-10286,Ines Nakamura,INES.NAKAMURA@EXAMPLE.COM,C1,SKU-1065,Home and Kitchen,1,62.5,,62.5,CAD,store,PayPal,Shipped,canada,ontario,P8A 1H9,4,"Sizing runs small per customer, exchanged for larger size."
ORD-50291,"Apr 04, 2025",2025-04-09,CUST-10003,Nina Iyer,nina.iyer@example.com,B1,SKU-1526,PET SUPPLIES,3,42.7,,128.1,USD,In-Store,PayPal,COMPLETED,us,new york,58927,10,"Sizing runs small per customer, exchanged for larger size."
ORD-50727,2024-10-18 20:29:00,2024-10-20,CUST-10198,,leila10@mailinator.com,B2,SKU-1981,APPAREL,2,273.88,0.0,547.76,USD,in store,CC,Pending,us,IL,25647,1,"Address correction after dispatch, carrier redirect fee applied."
ORD-50816,2024-03-19,2024-03-21,CUST-10113,Ravi Sharma,rsharma@testmail.org,B1,SKU-1958,Outdoors,3,31.2,0,93.6,USD,mobile app,credit_card,shipped,us,NJ,62506,5,"Very happy with the product, left 5 star review."
ORD-50505,"Feb 14, 2025",2025-02-19,CUST-10173,Zara Singh,zara.singh@example.com,,SKU-1152,pet supplies,3,86.49,,259.47,USD,web,apple_pay,Completed,U.S.,new york,29356,3,"Very happy with the product, left 5 star review."
ORD-50017,2025-05-29,2025-05-30,CUST-10262,Elena Rossi,elena.rossi@example.com,C3,SKU-1810,Apparel ,1,25.52,0,25.52,USD,In-Store,CC,Pending,US,WA,71487,4,"Customer called twice about delayed shipment, agent waived shipping fee."
ORD-51147,2025-03-10,2025-03-19,CUST-10210,Fatima Lindqvist,fatima.lindqvist@example.com,X9,SKU-1394,ELECTRONICS,4,9.33,0,37.32,USD,Marketplace,Debit,canceled,canada,ontario,V2C 6J4,4,"Very happy with the product, left 5 star review."
ORD-50630,2024-02-21,2024-02-23,CUST-10291,Chloe Doyle,chloe77@mailinator.com,X9,SKU-1623,PET SUPPLIES,2,83.08,0.15,166.16,USD,marketplace,gift_card,COMPLETED,United States,NJ,76724,4,Return window question - purchased as holiday gift.
ORD-50481,2024-04-18,2024-04-20,CUST-10309,Hugo Haddad,HUGO.HADDAD@EXAMPLE.COM,C3,SKU-1486,Outdoor,1,47.65,10%,47.65,USD,WEB,Credit Card,completed,us,california,31233,2,"Address correction after dispatch, carrier redirect fee applied."
ORD-50610,29-03-2024,2024-04-07,CUST-10223,Diego Muller,,,SKU-1554,Beauty & Personal Care,1,13.26,20 %,17.51,USD,marketplace,Debit,Returned,United States,MA,71529,2,"Asked about warranty length, unclear on product page."
ORD-50494,2024-09-08 00:20:00,2024-09-13,CUST-10091,,ktanaka@testmail.org,A1,SKU-1403,Outdoor,3,126.26,5%,378.78,,WEB,CC,shipped,USA,NJ,89818,,"Called to cancel, was already shipped. Return label sent."
ORD-51044,2025-05-28,2025-06-06,CUST-10328,Elena Lindqvist,elena39@mailinator.com,C3,SKU-1698,Pet Supplies,2,113.23,0.0,226.46,USD,mobile_app,Credit Card,COMPLETED,USA,FL,99571,5,"Sizing runs small per customer, exchanged for larger size."
ORD-50909,"Mar 07, 2025",2025-03-08,CUST-10049,Owen Chen,owen.chen@example.com,X9,SKU-1607,Pet supplies,1,827.49,0,827.49,CAD,web,debit_card,Cancelled,CAN,QC,P9J 4A1,4,"Customer says price was lower yesterday, asked for price match."
ORD-50848,2024-09-09,2024-09-18,CUST-10283,Amara Laurent,amara78@mailinator.com,,SKU-1949, Electronics,2,13.71,0.15,27.42,USD,in store,apple_pay,COMPLETED,US,california,11003,5,Product missing accessory listed on the page.
ORD-50841,07-05-2025,2025-05-08,CUST-10289,Ravi Ferreira,RAVI.FERREIRA@EXAMPLE.COM,A2,SKU-1596,Pet Supplies,2,229.98,5%,459.96,USD,web,CC,Shipped,United States,NY,70808,5,"Customer called twice about delayed shipment, agent waived shipping fee."
ORD-50151,2024-08-24,2024-08-25,CUST-10140,Leila Moreno,leila71@mailinator.com,,SKU-1729,apparel,1,18.1,0,23.85,USD,store,gift_card,canceled,us,IL,28024,3,"Customer says price was lower yesterday, asked for price match."
ORD-50458,2024-09-14,2024-09-15,CUST-10259,Ethan Costa,,X9,SKU-1081,Pet supplies,1,34.88,5%,34.88,USD,In-Store,credit_card,Pending,us,NY,98408,2,"Called to cancel, was already shipped. Return label sent."
ORD-50526,2024-06-17,2024-06-20,CUST-10257,Camille Sharma,camille35@mailinator.com,B1,SKU-1239,outdoor,5,29.48,0,147.4,USD,mobile_app,debit_card,shipped,U.S.,Texas,27383,4,Item arrived damaged - box crushed. Replacement sent no charge.
ORD-50979,03/29/2025,2025-04-01,CUST-10093,Jonas Laurent,JONAS.LAURENT@EXAMPLE.COM,X9,SKU-1147,Groceries,1,111.17,5%,133.76,USD,marketplace,CC,Pending,us,GA,68201,2,Wants to know if this is compatible with the 2023 model.
ORD-50977,2024-12-18 12:01:00,2024-12-23,CUST-10143,Chloe Novak,cnovak@testmail.org,C3,SKU-1837,Outdoor,2,93.01,0,186.02,CAD,In-Store,PayPal,Completed,CA,B.C.,K2A 8G8,4,"Very happy with the product, left 5 star review."
ORD-51134,2024-05-19,2024-05-22,CUST-10106,Aisha Johnson,aisha.johnson@example.com,A2,SKU-1263,home & kitchen,3,60.66,5%,181.98,USD,web,,Completed,US,MA,11995,5,Wants to know if this is compatible with the 2023 model.
ORD-50859,29-02-2024,2024-03-03,CUST-10314,Noah Singh,,B1,SKU-1567,Pet Supplies,5,890.25,0.15,4451.25,USD,mobile app,gift_card,returned,United States,california,17201,4,Wants to know if this is compatible with the 2023 model.
ORD-50290,10/19/2024,2024-10-28,CUST-10160,Maya Ahmed,MAYA.AHMED@EXAMPLE.COM,B1,SKU-1491,Grocery,2,15.17,20 %,30.34,USD,Marketplace,Gift Card,Pending,USA,PA,26343,4,"Asked about warranty length, unclear on product page."
ORD-51104,2024-01-26 01:46:00,2024-01-31,CUST-10139,Jonas Iyer,JONAS.IYER@EXAMPLE.COM,X9,SKU-1614,Beauty & Personal Care,3,41.6,,124.8,USD,In-Store,PayPal,shipped,us,FL,38455,n/a,"Duplicate order - customer clicked submit twice, refunded one."
ORD-51014,2025-01-29,2025-02-03,CUST-10054,Grace Nakamura,,A1,SKU-1356,pet supplies,1,239.44,5%,239.44,CAD,mobile_app,Credit Card,pending,canada,MB,K2A 9G7,5,Return window question - purchased as holiday gift.
ORD-50920,04/05/2024,2024-04-07,CUST-10098,Zara Fitzgerald,zfitzgerald@testmail.org,A2,SKU-1027,Outdoor,5,80.79,,403.95,usd,mobile app,apple_pay,Shipped,USA,IL,33755,5,"Called to cancel, was already shipped. Return label sent."
ORD-51054,2025-02-11,2025-02-12,CUST-10224,Marcus Novak,mnovak@testmail.org,C1,SKU-1483,Home & Kitchen,1,81.43,10%,81.43,USD,mobile app,,Completed,United States,NY,28919,4,Wants sustainable packaging option in future.
ORD-50278,2024-09-22,2024-09-23,CUST-10307,Sofia Johnson,sjohnson@testmail.org,A2,SKU-1586,HOME & KITCHEN,1,61.84,0.15,61.84,USD,store,apple_pay,Pending,United States,Texas,10220,4,"Called to cancel, was already shipped. Return label sent."
ORD-50504,10/25/2024,2024-10-30,CUST-10298,Elena Nakamura,elena42@mailinator.com,C1,SKU-1161,Home & Kitchen,2,25.39,0,50.78,USD,Web,gift_card,Returned,United States,CA,39332,5,Item arrived damaged - box crushed. Replacement sent no charge.
ORD-51126,07/14/2024,2024-07-15,CUST-10336,Ethan Weber,ethan46@mailinator.com,C3,SKU-1199,HOME & KITCHEN,2,96.65,0.0,193.3,USD,Mobile App,gift_card,COMPLETED,United States,WA,78738,n/a,Asked to split delivery across two addresses - not supported.
ORD-50642,2024-04-24,2024-04-29,CUST-10227,Diego Tanaka,diego.tanaka@example.com,B1,SKU-1833,Beauty & Personal Care,1,58.79,,80.68,USD,web,paypal,cancelled,USA,FL,95075,4,Item arrived damaged - box crushed. Replacement sent no charge.
ORD-50462,2025-04-29,2025-05-01,CUST-10062,Sofia Diallo,sdiallo@testmail.org,C3,SKU-1649,outdoor,2,47.02,0,94.04,USD,Mobile App,Gift Card,cancelled,USA,MA,85657,5,"Bulk order for office, asked about corporate account pricing."
ORD-50786,2025-02-09,2025-02-10,CUST-10229,Andre Novak,andre98@mailinator.com,A2,SKU-1662,home & kitchen,5,117.63,0,588.15,USD,web,apple_pay,returned,US,WA,87039,3,"Bulk order for office, asked about corporate account pricing."
ORD-50809,05/07/2025,2025-05-08,CUST-10219,Marcus Novak,,X9,SKU-1186,HOME & KITCHEN,3,62.59,-5,187.77,USD,Marketplace,,Completed,USA,GA,58697,2,Wants sustainable packaging option in future.
ORD-50307,09/08/2024,2024-09-10,CUST-10180,Ines Petrova,ines.petrova@example.com,A2,SKU-1594, Electronics,1,61.21,5%,61.21,,mobile_app,Credit Card,shipped,USA,Texas,57409,1,"Customer called twice about delayed shipment, agent waived shipping fee."
ORD-50935,25-02-2025,2025-03-02,CUST-10217,Tomas Okafor,tomas67@mailinator.com,A1,SKU-1758,Home and Kitchen,2,882.52,0.0,1765.04,USD,store,paypal,Returned,US,IL,86830,4,Wants sustainable packaging option in future.
ORD-50794,2024-09-01,2024-09-02,CUST-10084,,andre.haddad@example.com,B2,SKU-1233,Beauty & Personal Care,5,271.64,10%,1745.88,CAD,Mobile App,Debit,COMPLETED,Canada,BC,L5E 2G9,3,"Asked about warranty length, unclear on product page."
ORD-50449,2025-02-22,2025-02-24,CUST-10204,Amara Lindqvist,AMARA.LINDQVIST@EXAMPLE.COM,X9,SKU-1052,Clothing,1,25.02,5%,28.08,,WEB,,Cancelled,us,MA,77829,4,"Very happy with the product, left 5 star review."
ORD-51010,2024-05-04,2024-05-09,CUST-10115,Grace Muller,grace.muller@example.com,A1,SKU-1270,Home & Kitchen,5,10.38,10%,51.9,USD,Web,Gift Card,Returned,United States,new york,26271,,"Called to cancel, was already shipped. Return label sent."
ORD-50156,2024-02-26,2024-03-06,CUST-10226,Lucas Nasser,lnasser@testmail.org,A2,SKU-1050,Home and Kitchen,2,25.83,10%,51.66,CAD,WEB,,Shipped,CAN,ON,P9B 8H6,,Wants to know if this is compatible with the 2023 model.
ORD-50679,10/06/2024,2024-10-07,CUST-10048,Noah Nakamura,nnakamura@testmail.org,A1,SKU-1455,APPAREL,1,33.51,0.0,40.32,USD,marketplace,PayPal,Cancelled,USA,MA,87367,n/a,Return window question - purchased as holiday gift.
ORD-50137,2024-06-06 22:34:00,2024-06-07,CUST-10190,Maya Okafor,maya32@mailinator.com,C3,SKU-1824,Grocery,1,81.73,0,81.73,USD,web,PayPal,cancelled,US,NY,27659,4,Item arrived damaged - box crushed. Replacement sent no charge.
ORD-50471,2024-01-01,2024-01-02,CUST-10308,,ethan.nasser@example.com,B1,SKU-1099,grocery,5,90.08,0,450.4,USD,mobile_app,PayPal,Pending,USA,CA,58866,2,Product missing accessory listed on the page.
ORD-50950,2024-06-06,2024-06-08,CUST-10085,Nina Johnson,nina65@mailinator.com,C1,SKU-1697,Electronic,2,20.09,5%,40.18,CAD,store,,canceled,CA,QC,P1G 7C6,5,"Customer says price was lower yesterday, asked for price match."
ORD-51132,2024-05-27 06:47:00,2024-05-29,CUST-10144,Diego Doyle,ddoyle@testmail.org,B1,SKU-1131,GROCERY,4,56.55,10%,226.2,,Web,Credit Card,canceled,us,NJ,78994,5,"Address correction after dispatch, carrier redirect fee applied."
ORD-50063,2024-10-11 22:59:00,2024-10-13,CUST-10295,Ines Kowalski,INES.KOWALSKI@EXAMPLE.COM,A2,SKU-1748,Pet supplies,2,59.41,5%,118.82,USD,mobile app,Credit Card,returned,US,WA,62129,3,Product missing accessory listed on the page.
ORD-50079,2024-11-26 04:10:00,2024-11-28,CUST-10269,Mateo Kowalski,MATEO.KOWALSKI@EXAMPLE.COM,C3,SKU-1228,GROCERY,10,46.84,10%,468.4,USD,store,Debit,Pending,us,CA,48602,3,"Customer called twice about delayed shipment, agent waived shipping fee."
ORD-50523,2025-03-05,2025-03-06,CUST-10294,Ines Okafor,iokafor@testmail.org,C1,SKU-1712,grocery,2,108.08,0,216.16,USD,Marketplace,PayPal,pending,U.S.,Texas,88849,5,Payment declined twice before going through.
ORD-51093,2025-04-30,2025-05-02,CUST-10096,Sofia Novak,snovak@testmail.org,C3,SKU-1897,BEAUTY,4,9.47,0.15,37.88,USD,WEB,apple_pay,cancelled,U.S.,NJ,43434,4,Asked to split delivery across two addresses - not supported.
ORD-50835,2024-03-20,2024-03-21,CUST-10013,Tomas Bergman,tomas.bergman@example.com,B2,SKU-1711,Beauty,1,111.53,20 %,111.53,USD,web,gift_card,shipped,us,new york,72126,3,Item arrived damaged - box crushed. Replacement sent no charge.
ORD-50377,2025-04-30,2025-05-01,CUST-10314,Noah Singh,noah.singh@example.com,B2,SKU-1204,Pet supplies,2,32.57,0,65.14,CAD,mobile app,Credit Card,completed,Canada,BC,P8G 3A6,5,"Customer says price was lower yesterday, asked for price match."
ORD-50215,2025-04-09,2025-04-12,CUST-10307,Sofia Johnson,sjohnson@testmail.org,C1,SKU-1764,electronics,1,42.03,0,42.03,USD,mobile_app,apple_pay,shipped,US,california,47089,5,"Bulk order for office, asked about corporate account pricing."
ORD-50971,14-02-2025,2025-02-17,CUST-10152,Elena Iyer,elena81@mailinator.com,C1,SKU-1815,Pet supplies,3,33.5,0,100.5,USD,marketplace,gift_card,pending,US,PA,12027,3,"Duplicate order - customer clicked submit twice, refunded one."
ORD-50819,1712062440,2024-04-04,CUST-10045,Priya Silva,priya98@mailinator.com,B2,SKU-1597,Electronic,1,863.81,5%,863.81,CAD,In-Store,debit_card,Shipped,CAN,AB,M7J 8H5,4,"Requested gift wrap, was not applied. Customer upset."
ORD-50714,02/19/2025,2025-02-28,CUST-10149,Jonas Moreno,jonas29@mailinator.com,B1,SKU-1840,PET SUPPLIES,1,230.55,0,230.55,CAD,mobile_app,gift_card,Pending,CA,QC,P9J 8H1,4,"Order placed in store but shipped to home, tracking confusion."
ORD-50615,2024-02-24,2024-02-25,CUST-10009,Priya Doyle,pdoyle@testmail.org,B1,SKU-1941,Pet Supplies,1,56.63,,56.63,USD,Mobile App,credit_card,completed,U.S.,WA,21660,4,
ORD-50360,2024-08-28,2024-08-30,CUST-10031,Andre Novak,anovak@testmail.org,C3,SKU-1849,Pet supplies,-1,10.35,5%,-10.35,USD,Marketplace,PayPal,Shipped,U.S.,NJ,28753,1,"Asked about warranty length, unclear on product page."
ORD-50893,2024-01-09,2024-01-10,CUST-10156,Maya Iyer,maya29@mailinator.com,A1,SKU-1713,Electronics,1,10.18,-5,10.18,USD,In-Store,CC,Returned,United States,GA,51252,4,Payment declined twice before going through.
ORD-50945,2024-05-05,2024-05-06,CUST-10237,Noah Lindqvist,,A1,SKU-1723,GROCERY,4,249.66,0,499.32,CAD,in store,PayPal,Returned,CAN,B.C.,N1C 9A3,5,"Address correction after dispatch, carrier redirect fee applied."
ORD-50369,09/26/2024,2024-09-27,CUST-10325,Zara Moreno,zara87@mailinator.com,C1,SKU-1860,Home and Kitchen,4,21.62,0,86.48,CAD,In-Store,gift_card,pending,CAN,BC,N6G 8C2,3,Return window question - purchased as holiday gift.
ORD-51129,2024-03-30,2024-03-31,CUST-10055,,lmoreno@testmail.org,B2,SKU-1295,Electronics,1,18.02,,18.02,USD,WEB,Credit Card,completed,USA,MA,89237,2,"Duplicate order - customer clicked submit twice, refunded one."
ORD-50422,2025-01-29 20:03:00,,CUST-10136,Lucas Iyer,liyer@testmail.org,B2,SKU-1165,grocery,1,,0,,,In-Store,gift_card,cancelled,US,california,34608,5,"Called to cancel, was already shipped. Return label sent."
ORD-50951,"Mar 24, 2024",2024-03-27,CUST-10137,Ethan Haddad,ethan.haddad@example.com,,SKU-1281,Pet supplies,2,248.74,10%,497.48,CAD,Mobile App,Credit Card,pending,CAN,NS,K5G 7H3,4,"Sizing runs small per customer, exchanged for larger size."
ORD-50027,2025-02-19,2025-02-20,CUST-10292,Hugo Rossi,HUGO.ROSSI@EXAMPLE.COM,B1,SKU-1320,Beauty,2,907.19,0.0,1814.38,USD,mobile app,PayPal,COMPLETED,U.S.,GA,58567,4,"Requested gift wrap, was not applied. Customer upset."
ORD-50340,2024-05-06,2024-05-08,CUST-10319,,aisha73@mailinator.com,C3,SKU-1899,outdoor,1,29.9,10%,29.9,USD,Marketplace,Gift Card,COMPLETED,United States,NY,21272,5,"Duplicate order - customer clicked submit twice, refunded one."
ORD-50965,2024-01-23 06:45:00,,CUST-10115,Grace Muller,grace.muller@example.com,B2,SKU-1823, Electronics,3,245.69,10%,737.07,USD,mobile app,Gift Card,COMPLETED,US,california,61096,,Wants sustainable packaging option in future.
ORD-50885,2025-06-11,2025-06-14,CUST-10203,Sofia Diallo,sdiallo@testmail.org,X9,SKU-1836,grocery,2,56.05,0,112.1,CAD,Marketplace,apple_pay,pending,canada,ontario,V9G 1E5,5,"Customer says price was lower yesterday, asked for price match."
ORD-50297,2024-05-13 10:23:00,2024-05-15,CUST-10310,Fatima Laurent,FATIMA.LAURENT@EXAMPLE.COM,C1,SKU-1215, Home & Kitchen ,1,86.57,0.15,86.57,USD,Web,CC,pending,US,new york,88883,3,"Called to cancel, was already shipped. Return label sent."
ORD-50728,2025-03-01,2025-03-04,CUST-10227,Diego Tanaka,diego.tanaka@example.com,B1,SKU-1132,Outdoor,2,90.76,0,246.4,CAD,marketplace,,Cancelled,CAN,Quebec,M8E 2G4,4,"Customer says price was lower yesterday, asked for price match."
ORD-50416,2024-08-23,2024-08-24,CUST-10092,Owen Tanaka,owen51@mailinator.com,C3,SKU-1027,Home & Kitchen,2,10.55,-5,21.1,usd,In-Store,Credit Card,Cancelled,US,MA,13332,4,"Bulk order for office, asked about corporate account pricing."
ORD-50295,2025-06-07,2025-06-08,CUST-10219,Marcus Novak,marcus98@mailinator.com,X9,SKU-1203,Outdoor,1,31.32,0,31.32,CAD,Web,Gift Card,Returned,canada,AB,L4J 3B2,3,Item arrived damaged - box crushed. Replacement sent no charge.
ORD-50261,2024-07-06,2024-07-09,CUST-10152,Elena Iyer,elena81@mailinator.com,C1,SKU-1682,beauty,1,21.59,0,23.46,,mobile_app,gift_card,Cancelled,United States,WA,82459,3,Payment declined twice before going through.
ORD-50670,2025-02-15,2025-02-18,CUST-10146,Aisha Johnson,aisha95@mailinator.com,C1,SKU-1680,Home & Kitchen,1,56.61,0.15,56.61,cad,store,PayPal,Completed,Canada,NS,M5G 9A9,4,"Bulk order for office, asked about corporate account pricing."
ORD-50139,"Mar 09, 2024",2024-03-10,CUST-10097,Priya Nakamura,priya.nakamura@example.com,A1,SKU-1584,OUTDOOR,3,20.44,0,61.32,USD,In-Store,Gift Card,Returned,U.S.,CA,87371,4,Payment declined twice before going through.
ORD-50585,03/07/2024,2024-03-10,CUST-10301,Fatima Costa,FATIMA.COSTA@EXAMPLE.COM,C1,SKU-1104,Electronic,3,63.39,0.15,190.17,USD,Web,CC,shipped,United States,new york,73564,4,Item arrived damaged - box crushed. Replacement sent no charge.
ORD-50522,2024-04-22,2024-04-23,CUST-10008,Leila Iyer,liyer@testmail.org,C1,SKU-1764,grocery,2,56.62,0,113.24,,Web,debit_card,Shipped,us,new york,43043,5,"Order placed in store but shipped to home, tracking confusion."
ORD-50031,2024-01-28,2024-01-31,CUST-10272,Hugo Alvarez,HUGO.ALVAREZ@EXAMPLE.COM,A1,SKU-1597,BEAUTY,2,9.73,20 %,19.46,USD,marketplace,PayPal,COMPLETED,United States,PA,99224,4,"Called to cancel, was already shipped. Return label sent."
ORD-50754,2025-03-11 21:09:00,2025-03-14,CUST-10181,Kai Dubois,kai.dubois@example.com,X9,SKU-1117,,2,23.82,0,47.64,CAD,marketplace,Debit,Shipped,canada,QC,V2E 5B4,5,Asked to split delivery across two addresses - not supported.
ORD-50333,1723461840,2024-08-21,CUST-10302,Chloe Muller,chloe84@mailinator.com,C1,SKU-1433,GROCERY,3,34.12,5%,102.36,,marketplace,,Completed,us,CA,29305,4,"Requested gift wrap, was not applied. Customer upset."
ORD-50730,12/31/2024,2025-01-01,CUST-10196,Noah Kowalski,nkowalski@testmail.org,B1,SKU-1091,OUTDOOR,2,84.72,5%,169.44,usd,store,Debit,COMPLETED,US,WA,60907,2,Third return this quarter from this customer.
ORD-50117,05/05/2025,2025-05-08,CUST-10095,Amara Petrova,amara.petrova@example.com,B1,SKU-1137,APPAREL,2,14.97,0.0,29.94,USD,marketplace,CC,completed,U.S.,california,31802,4,"Address correction after dispatch, carrier redirect fee applied."
ORD-50757,02/12/2024,2024-02-13,CUST-10005,Tomas Doyle,,A1,SKU-1980,,4,116.87,0.0,467.48,CAD,in store,paypal,pending,CAN,ontario,M8H 5B2,4,"Loyalty points not applied at checkout, manual credit issued."
ORD-50599,2024-05-01,,CUST-10309,Hugo Haddad,HUGO.HADDAD@EXAMPLE.COM,,SKU-1318,Outdoors,1,9.01,0.15,9.01,usd,marketplace,Credit Card,Cancelled,United States,TX,13637,3,"Address correction after dispatch, carrier redirect fee applied."
ORD-50288,10/15/2024,2024-10-24,CUST-10053,Yuki Diallo,YUKI.DIALLO@EXAMPLE.COM,C3,SKU-1825,Grocery,1,33.33,0,33.33,USD,in store,Gift Card,Returned,US,NJ,62776,4,"Duplicate order - customer clicked submit twice, refunded one."
ORD-50567,2025-05-26,2025-05-28,CUST-10145,Elena Petrova,elena57@mailinator.com,X9,SKU-1153,ELECTRONICS,4,122.81,10%,491.24,USD,in store,CC,cancelled,us,california,47737,3,Wants to know if this is compatible with the 2023 model.
ORD-51070,"Feb 02, 2025",2025-02-05,CUST-10106,Aisha Johnson,aisha.johnson@example.com,,SKU-1756,Groceries,10,118.48,0.15,1184.8,USD,mobile_app,CC,completed,United States,Fl,76298,n/a,Third return this quarter from this customer.
ORD-50301,06/29/2024,,CUST-10313,Owen Costa,OWEN.COSTA@EXAMPLE.COM,X9,SKU-1968,ELECTRONICS,0,955.8,0.15,0.0,US$,Marketplace,apple_pay,returned,USA,california,37021,5,"Customer says price was lower yesterday, asked for price match."
ORD-51037,2024-07-04 01:20:00,2024-07-06,CUST-10158,Liang Novak,liang.novak@example.com,A2,SKU-1109,grocery,1,23.37,0.0,23.37,USD,marketplace,Gift Card,shipped,U.S.,new york,12401,5,"Sizing runs small per customer, exchanged for larger size."
ORD-50834,2024-06-03,2024-06-04,CUST-10208,Ethan Weber,ETHAN.WEBER@EXAMPLE.COM,X9,SKU-1973,Clothing,2,47.23,10%,94.46,CAD,mobile_app,paypal,Shipped,CAN,ontario,L5E 9C9,5,"Customer says price was lower yesterday, asked for price match."
ORD-50949,02/22/2025,2025-02-27,CUST-10288,Kai Nasser,knasser@testmail.org,X9,SKU-1505,,10,23.08,0,230.8,USD,in store,Gift Card,Cancelled,CAN,NS,V9H 7J6,4,"Duplicate order - customer clicked submit twice, refunded one."
ORD-50015,2025-06-23,2025-06-28,CUST-10248,Ethan Costa,ethan13@mailinator.com,B1,SKU-1738,apparel,250,18.3,0,4575.0,USD,Marketplace,debit_card,canceled,US,NJ,90031,4,"Very happy with the product, left 5 star review."
ORD-51005,2024-05-21,2024-05-23,CUST-10055,Leila Moreno,lmoreno@testmail.org,A1,SKU-1519,ELECTRONICS,2,836.74,10%,1673.48,USD,Marketplace,apple_pay,Returned,USA,IL,82163,,"Called to cancel, was already shipped. Return label sent."
ORD-51030,04/28/2025,2025-04-29,CUST-10321,Ethan Muller,ETHAN.MULLER@EXAMPLE.COM,C3,SKU-1780,Electronic,1,84.07,0,84.07,USD,WEB,CC,completed,USA,Texas,71857,3,Wants to know if this is compatible with the 2023 model.
ORD-50691,"Mar 29, 2025",2025-04-01,CUST-10054,Grace Nakamura,grace70@mailinator.com,B2,SKU-1214, Electronics,2,23.0,0.0,46.0,USD,marketplace,apple_pay,Shipped,United States,CA,59292,5,Product missing accessory listed on the page.
ORD-50105,2025-04-08 03:39:00,2025-04-13,CUST-10082,Priya Doyle,priya38@mailinator.com,B2,SKU-1523,ELECTRONICS,1,10.37,,10.37,USD,Mobile App,,completed,us,NY,60014,4,"Sizing runs small per customer, exchanged for larger size."
ORD-50396,2024-01-19,2024-01-22,CUST-10212,Maya Petrova,MAYA.PETROVA@EXAMPLE.COM,X9,SKU-1650,pet supplies,1,90.76,0.15,90.76,USD,In-Store,Gift Card,completed,U.S.,CA,54951,4,Payment declined twice before going through.
ORD-50464,1728210660,2024-10-09,CUST-10186,Yuki Singh,ysingh@testmail.org,A2,SKU-1302,Grocery,2,24.64,5%,49.28,USD,mobile_app,Gift Card,returned,us,GA,47022,4,Asked to split delivery across two addresses - not supported.
ORD-50513,2024-04-16 16:49:00,2024-04-17,CUST-10082,Priya Doyle,priya38@mailinator.com,A2,SKU-1999,outdoor,2,872.28,0,1744.56,USD,Marketplace,gift_card,returned,United States,Texas,70011,4,
ORD-50759,02/04/2024,2024-02-13,CUST-10206,Leila Sharma,,C1,SKU-1342,Outdoor,1,35.25,0,35.25,cad,in store,PayPal,completed,Canada,B.C.,M4C 7J7,1,Item arrived damaged - box crushed. Replacement sent no charge.
ORD-50268,"Feb 23, 2024",2024-02-24,CUST-10113,Ravi Sharma,rsharma@testmail.org,B2,SKU-1241,OUTDOOR,2,19.76,0,39.52,,In-Store,Debit,COMPLETED,canada,QC,V4B 7B4,4,"Called to cancel, was already shipped. Return label sent."
ORD-50310,2025-06-18 12:08:00,2025-06-20,CUST-10232,Noah Ferreira,nferreira@testmail.org,A2,SKU-1836,Outdoors,5,115.34,0,576.7,,Marketplace,,Cancelled,CAN,MB,N3A 6H7,3,"Requested gift wrap, was not applied. Customer upset."
ORD-50865,05/21/2024,2024-05-23,CUST-10118,Hugo Alvarez,HUGO.ALVAREZ@EXAMPLE.COM,B1,SKU-1150,Pet supplies,3,247.03,,741.09,usd,In-Store,gift_card,returned,U.S.,new york,97573,5,"Customer called twice about delayed shipment, agent waived shipping fee."
ORD-50336,01-09-2024,2024-09-02,CUST-10305,Aisha Nakamura,aisha.nakamura@example.com,,SKU-1438,Electronics,1,129.79,0,129.79,,Mobile App,Credit Card,COMPLETED,U.S.,Fl,99024,5,"Customer called twice about delayed shipment, agent waived shipping fee."
ORD-50635,2024-11-09,2024-11-10,CUST-10155,,zara.singh@example.com,X9,SKU-1171,Outdoors,3,31.44,0.0,94.32,,WEB,PayPal,COMPLETED,canada,ontario,N2A 5B5,3,Product missing accessory listed on the page.
ORD-50954,1750681500,2025-06-25,CUST-10153,Leila Nasser,LEILA.NASSER@EXAMPLE.COM,A1,SKU-1353,Outdoor,1,48.33,,48.33,USD,store,credit_card,Returned,USA,MA,67333,4,"Loyalty points not applied at checkout, manual credit issued."
ORD-50911,2025-05-06,2025-05-09,CUST-10143,Chloe Novak,cnovak@testmail.org,,SKU-1915,Beauty,2,9.17,0.15,18.34,USD,marketplace,apple_pay,completed,canada,ON,M3J 3A8,3,"Loyalty points not applied at checkout, manual credit issued."
ORD-51113,2025-03-17 01:50:00,2025-03-20,CUST-10285,Tomas Iyer,tomas12@mailinator.com,C1,SKU-1937,outdoor,2,116.58,5%,233.16,USD,Marketplace,paypal,pending,U.S.,CA,83299,3,Return window question - purchased as holiday gift.
ORD-51131,16-01-2024,2024-01-18,CUST-10058,Fatima Okafor,fatima76@mailinator.com,,SKU-1531,beauty,1,23.96,,23.96,USD,store,debit_card,pending,us,CA,53580,4,Third return this quarter from this customer.
ORD-50433,2024-02-11,,CUST-10068,Hugo Costa,hugo.costa@example.com,B2,SKU-1251,Beauty,4,33.49,0,133.96,USD,mobile_app,CC,completed,U.S.,FL,48901,4,"Customer called twice about delayed shipment, agent waived shipping fee."
ORD-50588,1724696880,2024-08-28,CUST-10204,Amara Lindqvist,,A1,SKU-1265,ELECTRONICS,2,21.02,,42.04,USD,mobile app,gift_card,pending,U.S.,NJ,22281,,"Address correction after dispatch, carrier redirect fee applied."
ORD-50126,1728400260,2024-10-17,CUST-10040,Maya Laurent,maya.laurent@example.com,A1,SKU-1538,PET SUPPLIES,2,130.99,0,261.98,USD,in store,credit_card,returned,U.S.,PA,55519,4,"Address correction after dispatch, carrier redirect fee applied."
ORD-50525,2025-04-05,2025-04-06,CUST-10069,Liang Dubois,ldubois@testmail.org,B2,SKU-1045,apparel,1,13.16,0,13.16,,WEB,,Pending,canada,QC,V1J 8J4,5,"Sizing runs small per customer, exchanged for larger size."
ORD-50054,07/03/2024,,CUST-10166,Sofia Nasser,sofia37@mailinator.com,C1,SKU-1851,BEAUTY,3,58.37,5%,175.11,US$,store,,canceled,USA,PA,28242,5,"Customer says price was lower yesterday, asked for price match."
ORD-50249,15-04-2024,2024-04-18,CUST-10317,Felix Chen,fchen@testmail.org,C1,SKU-1363,HOME & KITCHEN,2,949.87,,1899.74,USD,In-Store,CC,shipped,U.S.,PA,28045,5,Item arrived damaged - box crushed. Replacement sent no charge.
ORD-50042,2024-08-27,2024-08-30,CUST-10022,Mateo Petrova,mpetrova@testmail.org,B1,SKU-1676,Beauty & Personal Care,1,25.22,10%,25.22,US$,Mobile App,credit_card,returned,USA,NJ,87550,,"Address correction after dispatch, carrier redirect fee applied."
ORD-50605,2024-08-10 14:45:00,2024-08-11,CUST-10184,Yuki Dubois,yuki42@mailinator.com,C3,SKU-1246,ELECTRONICS,1,113.05,10%,113.05,USD,in store,gift_card,returned,U.S.,california,77173,5,"Order placed in store but shipped to home, tracking confusion."
ORD-50346,06-11-2024,2024-11-09,CUST-10054,Grace Nakamura,grace70@mailinator.com,B1,SKU-1479,Beauty & Personal Care,3,18.1,0.0,54.3,USD,web,CC,cancelled,us,WA,75619,,Wants sustainable packaging option in future.
ORD-50344,07-01-2024,2024-01-08,CUST-10264,Ethan Tanaka,ethan.tanaka@example.com,A2,SKU-1253,Clothing,3,82.53,0,247.59,USD,in store,gift_card,Cancelled,USA,IL,17294,,Return window question - purchased as holiday gift.
ORD-50081,2024-12-25,2024-12-27,CUST-10055,Leila Moreno,lmoreno@testmail.org,B1,SKU-1462,Pet Supplies,1,93.14,,93.14,,Mobile App,credit_card,cancelled,United States,GA,44226,10,Wants to know if this is compatible with the 2023 model.
ORD-50741,2024-08-15 18:02:00,2024-08-20,CUST-10057,Noah Fitzgerald,noah.fitzgerald@example.com,C3,SKU-1111,Groceries,1,34.6,0,34.6,USD,marketplace,debit_card,COMPLETED,USA,NJ,70557,5,Third return this quarter from this customer.
ORD-50677,2024-03-05,2024-03-03,CUST-10311,Hugo Novak,hugo.novak@example.com,,SKU-1504,Apparel,2,125.55,0.15,251.1,cad,store,,Pending,CAN,Quebec,M3A 9G2,,"Loyalty points not applied at checkout, manual credit issued."
ORD-50975,2025-02-05 08:34:00,2025-02-10,CUST-10029,Zara Nakamura,ZARA.NAKAMURA@EXAMPLE.COM,,SKU-1394,Outdoors,1,35.44,10%,35.44,USD,in store,gift_card,Cancelled,US,MA,69966,4,Product missing accessory listed on the page.
ORD-50802,2024-03-01,2024-03-02,CUST-10277,,HUGO.DIALLO@EXAMPLE.COM,C3,SKU-1922,Apparel,4,82.84,0.0,331.36,usd,in store,PayPal,Shipped,US,NY,53325,4,Wants sustainable packaging option in future.
ORD-50540,2024-10-26,2024-10-28,CUST-10068,Hugo Costa,hugo.costa@example.com,X9,SKU-1199,Home & Kitchen,1,15.39,,15.39,USD,mobile_app,apple_pay,Returned,us,IL,76303,3,"Customer says price was lower yesterday, asked for price match."
ORD-50792,2025-04-24,2025-04-25,CUST-10099,Mateo Petrova,mpetrova@testmail.org,A2,SKU-1555,Electronic,2,929.67,0.15,1859.34,USD,Marketplace,Credit Card,Returned,us,NY,34328,3,"Asked about warranty length, unclear on product page."
ORD-50428,2025-05-21,2025-05-24,CUST-10249,Camille Doyle,camille.doyle@example.com,C1,SKU-1926,GROCERY,1,13.31,,13.31,USD,store,,Shipped,us,Fl,56748,2,"Requested gift wrap, was not applied. Customer upset."
ORD-50702,"Dec 02, 2024",2024-12-03,CUST-10142,Jonas Costa,jcosta@testmail.org,A1,SKU-1657,OUTDOOR,3,47.29,5%,141.87,usd,in store,Credit Card,Completed,USA,Fl,60298,,"Loyalty points not applied at checkout, manual credit issued."
ORD-50478,04/10/2024,2024-04-19,CUST-10016,Liang Muller,lmuller@testmail.org,X9,SKU-1039,BEAUTY,1,34.06,20 %,34.06,USD,Web,gift_card,Shipped,United States,Texas,81268,2,"Customer says price was lower yesterday, asked for price match."
ORD-50662,2024-08-23,2024-08-25,CUST-10119,Amara Alvarez,aalvarez@testmail.org,X9,SKU-1802,home & kitchen,1,44.11,0.0,44.11,usd,web,gift_card,Cancelled,USA,FL,28611,5,"Asked about warranty length, unclear on product page."
ORD-51142,2024-11-12,2024-11-15,CUST-10266,Maya Muller,maya.muller@example.com,A1,SKU-1982,Beauty & Personal Care,2,235.47,5%,470.94,USD,Mobile App,CC,Cancelled,United States,CA,74407,,"Bulk order for office, asked about corporate account pricing."
ORD-50371,2024-08-14,2024-08-15,CUST-10217,Tomas Okafor,tomas67@mailinator.com,C3,SKU-1132,BEAUTY,5,,10%,,CAD,web,PayPal,Completed,CA,MB,V6C 9A1,4,Payment declined twice before going through.
ORD-50807,2024-02-15,2024-02-17,CUST-10321,Ethan Muller,ETHAN.MULLER@EXAMPLE.COM,A1,SKU-1479,Grocery,4,54.0,20 %,54.0,USD,web,debit_card,Pending,U.S.,IL,83861,5,"Very happy with the product, left 5 star review."
ORD-50189,2024-08-25,2024-08-28,CUST-10277,Hugo Diallo,HUGO.DIALLO@EXAMPLE.COM,,SKU-1468,Apparel ,1,93.23,10%,93.23,CAD,Mobile App,CC,Shipped,CAN,QC,L8C 5J1,3,Return window question - purchased as holiday gift.
ORD-50351,2025-01-01 02:55:00,,CUST-10255,Jonas Fitzgerald,jonas34@mailinator.com,C1,SKU-1408,Apparel,2,40.7,0,81.4,USD,Web,apple_pay,canceled,U.S.,Fl,44478,5,Item arrived damaged - box crushed. Replacement sent no charge.
ORD-50516,2024-03-21,2024-03-26,CUST-10051,Maya Novak,maya99@mailinator.com,C1,SKU-1928,Electronics,1,34.51,5%,34.51,USD,store,credit_card,Shipped,US,TX,65072,2,"Sizing runs small per customer, exchanged for larger size."
ORD-50100,06/01/2025,2025-06-02,CUST-10339,Camille Bergman,camille.bergman@example.com,C1,SKU-1051,PET SUPPLIES,1,129.41,0.15,129.41,,store,PayPal,shipped,US,new york,20332,4,"Called to cancel, was already shipped. Return label sent."
ORD-50888,2024-07-19,2024-07-28,CUST-10228,,andre.doyle@example.com,X9,SKU-1855,OUTDOOR,1,97.77,0,97.77,USD,WEB,apple_pay,completed,US,Texas,62625,5,"Asked about warranty length, unclear on product page."
ORD-50363,21-02-2025,2025-02-24,CUST-10039,Jonas Ahmed,jahmed@testmail.org,X9,SKU-1431, Electronics,2,94.1,0.15,188.2,CAD,In-Store,,shipped,CAN,B.C.,L8A 3A7,4,"Order placed in store but shipped to home, tracking confusion."
ORD-50997,2024-04-01,2024-04-10,CUST-10022,Mateo Petrova,mpetrova@testmail.org,A1,SKU-1279,Electronics,1,18.98,0,18.98,CAD,Marketplace,,Shipped,CA,ON,M7C 2A3,4,Payment declined twice before going through.
ORD-50134,2025-05-18,2025-05-19,CUST-10211,Yuki Ahmed,yuki58@mailinator.com,C1,SKU-1128,Apparel,1,30.2,5%,30.2,USD,mobile_app,Credit Card,COMPLETED,United States,IL,11930,4,"Sizing runs small per customer, exchanged for larger size."
ORD-50872,07/13/2024,2024-07-14,CUST-10101,Jonas Ferreira,jferreira@testmail.org,C3,SKU-1252,Apparel ,1,10.43,0,10.43,USD,mobile_app,apple_pay,pending,U.S.,NJ,87760,5,Wants sustainable packaging option in future.
ORD-51125,2024-12-06,2024-12-07,CUST-10139,Jonas Iyer,JONAS.IYER@EXAMPLE.COM,B2,SKU-1700,BEAUTY,1,268.75,20 %,268.75,CAD,mobile app,apple_pay,pending,canada,ON,K8C 3G5,2,"Duplicate order - customer clicked submit twice, refunded one."
ORD-51138,2024-12-27,,CUST-10158,Liang Novak,liang.novak@example.com,B1,SKU-1123,Beauty & Personal Care,3,84.65,0.0,253.95,USD,Marketplace,,returned,USA,WA,26653,3,"Bulk order for office, asked about corporate account pricing."
ORD-50141,01-01-2025,2025-01-03,CUST-10336,Ethan Weber,ethan46@mailinator.com,C3,SKU-1673,Clothing,2,20.22,0,40.44,USD,In-Store,paypal,cancelled,US,Texas,82100,n/a,"Sizing runs small per customer, exchanged for larger size."
ORD-50891,28-12-2024,2025-01-06,CUST-10169,Leila Sharma,leila91@mailinator.com,B2,SKU-1677,Pet Supplies,1,886.26,5%,886.26,usd,in store,PayPal,pending,us,new york,30974,,Third return this quarter from this customer.
ORD-50527,2024-06-06 22:04:00,2024-06-07,CUST-10115,Grace Muller,,B1,SKU-1700,outdoor,1,23.36,0.0,23.36,USD,Web,CC,shipped,U.S.,Fl,19596,3,"Requested gift wrap, was not applied. Customer upset."
ORD-50783,04/30/2024,2024-05-02,CUST-10221,Elena Weber,elena.weber@example.com,C1,SKU-1886,Beauty,2,252.91,0.15,505.82,USD,Marketplace,CC,Cancelled,US,PA,59620,3,"Sizing runs small per customer, exchanged for larger size."
ORD-50192,05/17/2025,2025-05-15,CUST-10113,Ravi Sharma,rsharma@testmail.org,X9,SKU-1378,GROCERY,1,,,,USD,mobile app,paypal,Shipped,US,NJ,68402,,Wants to know if this is compatible with the 2023 model.
ORD-50694,"Jul 11, 2024",2024-07-13,CUST-10236,,LEILA.SHARMA@EXAMPLE.COM,C1,SKU-1937,Pets,2,961.16,0,1922.32,USD,Web,Debit,shipped,USA,IL,65765,4,"Address correction after dispatch, carrier redirect fee applied."
ORD-50880,19-06-2024,2024-06-20,CUST-10336,,ethan46@mailinator.com,B1,SKU-1021,Beauty & Personal Care,1,111.41,0,111.41,usd,Web,Debit,pending,U.S.,IL,59412,5,"Sizing runs small per customer, exchanged for larger size."
ORD-50148,03/31/2024,2024-04-02,CUST-10009,,pdoyle@testmail.org,C1,SKU-1341, Electronics,1,60.09,,60.09,usd,web,paypal,pending,U.S.,GA,56125,4,Return window question - purchased as holiday gift.
ORD-50948,03-12-2024,2024-12-04,CUST-10141,Grace Iyer,GRACE.IYER@EXAMPLE.COM,C3,SKU-1747,PET SUPPLIES,5,15.24,-5,76.2,USD,marketplace,Debit,Shipped,USA,NJ,19623,5,"Requested gift wrap, was not applied. Customer upset."
ORD-50160,2025-02-02,2025-02-07,CUST-10181,Kai Dubois,kai.dubois@example.com,C1,SKU-1423,home & kitchen,1,9.67,0,9.67,USD,mobile app,gift_card,Shipped,us,Fl,38329,5,"Address correction after dispatch, carrier redirect fee applied."
ORD-50548,2024-09-03 18:50:00,2024-09-08,CUST-10097,Priya Nakamura,priya.nakamura@example.com,B1,SKU-1489,GROCERY,2,,0,,CAD,Marketplace,Gift Card,Cancelled,Canada,ontario,P7E 2A2,,Asked to split delivery across two addresses - not supported.
ORD-50086,09/27/2024,2024-09-30,CUST-10075,Liang Laurent,liang.laurent@example.com,X9,SKU-1039,Outdoor,5,263.97,0,1763.43,usd,mobile_app,credit_card,Pending,us,MA,72287,,Payment declined twice before going through.
ORD-50878,02-12-2024,2024-12-03,CUST-10244,Ethan Reyes,ethan80@mailinator.com,A1,SKU-1031,pet supplies,1,14.02,0.0,14.02,USD,mobile app,Gift Card,Returned,us,CA,37385,5,"Very happy with the product, left 5 star review."
ORD-50383,"Jan 10, 2025",2025-01-12,CUST-10099,Mateo Petrova,,B1,SKU-1746,Pets,3,48.04,,144.12,USD,web,Debit,Returned,U.S.,california,36041,5,Product missing accessory listed on the page.
ORD-50107,2025-05-17,2025-05-22,CUST-10079,Mateo Dubois,MATEO.DUBOIS@EXAMPLE.COM,A2,SKU-1805,home & kitchen,5,227.53,0,1137.65,USD,in store,PayPal,Completed,us,Fl,55796,3,"Bulk order for office, asked about corporate account pricing."
ORD-50849,2024-05-10 17:01:00,2024-05-11,CUST-10327,Camille Iyer,ciyer@testmail.org,C3,SKU-1248,Pet supplies,10,131.53,0,1315.3,USD,WEB,Gift Card,Completed,United States,NJ,95955,4,Third return this quarter from this customer.
ORD-50941,2024-03-05,2024-03-06,CUST-10205,,NOAH.IYER@EXAMPLE.COM,A2,SKU-1687,home & kitchen,1,48.44,0,48.44,USD,marketplace,PayPal,cancelled,USA,Fl,90466,5,"Sizing runs small per customer, exchanged for larger size."
ORD-50242,08/05/2024,2024-08-06,CUST-10085,Nina Johnson,nina65@mailinator.com,X9,SKU-1715,Home & Kitchen,10,84.96,0.15,849.6,USD,in store,Debit,Cancelled,canada,NS,L9J 6H6,5,"Very happy with the product, left 5 star review."
ORD-50335,2024-02-06,2024-02-08,CUST-10311,Hugo Novak,hugo.novak@example.com,X9,SKU-1401,Beauty & Personal Care,1,10.28,0,10.28,USD,Mobile App,gift_card,shipped,USA,CA,32417,5,Payment declined twice before going through.
ORD-50696,11/16/2024,2024-11-17,CUST-10286,Ines Nakamura,,C3,SKU-1199,Groceries,5,235.38,0.15,1630.58,USD,Web,Credit Card,Returned,U.S.,CA,41605,5,Wants to know if this is compatible with the 2023 model.
ORD-50653,2024-11-12 17:42:00,2024-11-14,CUST-10233,Owen Silva,osilva@testmail.org,C1,SKU-1906,GROCERY,2,8.99,0,17.98,USD,mobile_app,PayPal,cancelled,us,GA,65919,5,Item arrived damaged - box crushed. Replacement sent no charge.
ORD-50337,2025-06-21 16:10:00,2025-06-26,CUST-10242,Priya Sharma,psharma@testmail.org,,SKU-1752,Outdoor,2,23.87,0,47.74,USD,Marketplace,gift_card,Shipped,CA,MB,M8A 6C6,,"Asked about warranty length, unclear on product page."
ORD-51031,2025-05-16,2025-05-25,CUST-10011,Lucas Lindqvist,llindqvist@testmail.org,C3,SKU-1361,Outdoors,1,84.61,10%,84.61,USD,web,credit_card,cancelled,United States,new york,20585,1,"Requested gift wrap, was not applied. Customer upset."
ORD-50850,2025-01-29,,CUST-10232,Noah Ferreira,,B2,SKU-1475,electronics,2,18.33,5%,36.66,USD,Marketplace,CC,Completed,us,PA,39087,,"Asked about warranty length, unclear on product page."
ORD-50277,1711942020,2024-04-02,CUST-10239,Mateo Chen,MATEO.CHEN@EXAMPLE.COM,C1,SKU-1225,Apparel ,10,91.9,,919.0,cad,Marketplace,Credit Card,pending,CAN,BC,L9H 8A6,,"Called to cancel, was already shipped. Return label sent."
ORD-50153,2024-02-20,2024-02-29,CUST-10231,Yuki Costa,ycosta@testmail.org,C1,SKU-1627,Beauty,4,24.09,0.15,96.36,USD,WEB,gift_card,pending,US,NJ,69204,2,Wants sustainable packaging option in future.
ORD-50766,"Apr 27, 2024",,CUST-10297,Lucas Haddad,LUCAS.HADDAD@EXAMPLE.COM,A1,SKU-1208,pet supplies,5,900.98,0.0,4504.9,USD,web,Gift Card,pending,USA,GA,18597,4,Asked to split delivery across two addresses - not supported.
ORD-50538,1739910000,2025-02-19,CUST-10063,,jonas28@mailinator.com,A2,SKU-1940,Outdoor,2,22.76,0.0,45.52,CAD,In-Store,paypal,Cancelled,CAN,Quebec,K8G 7J9,5,Wants sustainable packaging option in future.
ORD-50830,2024-05-13,2024-05-15,CUST-10127,,LUCAS.LAURENT@EXAMPLE.COM,A1,SKU-1870,Clothing,1,21.4,0,21.4,CAD,Mobile App,Gift Card,Shipped,CA,NS,L4G 2B4,5,Payment declined twice before going through.
ORD-50600,01/16/2024,,CUST-10051,Maya Novak,maya99@mailinator.com,B2,SKU-1895,HOME & KITCHEN,5,127.57,5%,637.85,CAD,mobile app,gift_card,completed,canada,ON,M8B 7J5,,
ORD-51128,2024-05-31,,CUST-10251,Mateo Okafor,MATEO.OKAFOR@EXAMPLE.COM,A1,SKU-1000,GROCERY,1,15.65,0,15.65,USD,in store,apple_pay,Shipped,United States,TX,88669,4,Wants to know if this is compatible with the 2023 model.
ORD-50906,2024-11-24,2024-11-25,CUST-10242,Priya Sharma,psharma@testmail.org,A2,SKU-1637, Home & Kitchen ,1,22.89,0.0,22.89,USD,mobile app,Debit,cancelled,US,Texas,65091,5,"Duplicate order - customer clicked submit twice, refunded one."
ORD-50457,2024-03-22,2024-03-31,CUST-10253,Liang Fitzgerald,lfitzgerald@testmail.org,A2,SKU-1192,outdoor,2,915.51,5%,1831.02,USD,mobile_app,CC,Cancelled,United States,TX,93269,,Return window question - purchased as holiday gift.
ORD-50614,2024-09-29 04:06:00,2024-10-01,CUST-10244,Ethan Reyes,ethan80@mailinator.com,C3,SKU-1445,Electronic,2,81.05,0,162.1,USD,marketplace,CC,COMPLETED,U.S.,california,58125,4,"Customer called twice about delayed shipment, agent waived shipping fee."
ORD-50497,"Feb 24, 2024",2024-03-04,CUST-10238,Marcus Johnson,mjohnson@testmail.org,,SKU-1041,electronics,2,65.5,,131.0,CAD,In-Store,Credit Card,cancelled,CAN,QC,M4C 9B1,n/a,"Duplicate order - customer clicked submit twice, refunded one."
ORD-50844,07-01-2025,2025-01-08,CUST-10172,Grace Ferreira,GRACE.FERREIRA@EXAMPLE.COM,C1,SKU-1533,APPAREL,1,898.43,10%,898.43,USD,store,PayPal,Returned,US,NY,47005,4,"Asked about warranty length, unclear on product page."
ORD-50774,2025-04-22 12:09:00,2025-04-25,CUST-10097,Priya Nakamura,priya.nakamura@example.com,B2,SKU-1873,Grocery,1,19.6,20 %,19.6,CAD,marketplace,Credit Card,shipped,CA,MB,M2A 4G8,4,
ORD-50454,2024-01-20,2024-01-22,CUST-10336,Ethan Weber,ethan46@mailinator.com,X9,SKU-1343,Beauty,1,9.25,0.0,9.25,USD,store,PayPal,Pending,us,NY,54843,3,Payment declined twice before going through.
ORD-50367,"Apr 22, 2024",2024-04-23,CUST-10013,Tomas Bergman,tomas.bergman@example.com,B1,SKU-1285,electronics,1,246.32,,246.32,USD,mobile app,Credit Card,Pending,USA,Fl,39155,5,"Sizing runs small per customer, exchanged for larger size."
ORD-50528,1744091580,2025-04-10,CUST-10085,Nina Johnson,nina65@mailinator.com,,SKU-1285,Electronic,3,904.55,5%,2713.65,US$,web,debit_card,Cancelled,us,PA,48736,4,"Order placed in store but shipped to home, tracking confusion."
ORD-50937,01/03/2024,2024-01-04,CUST-10302,Chloe Muller,chloe84@mailinator.com,B1,SKU-1938,Grocery,1,116.15,0,116.15,USD,In-Store,,shipped,Canada,MB,M2G 7E5,,Third return this quarter from this customer.
ORD-50222,03/12/2025,,CUST-10243,Sofia Fitzgerald,SOFIA.FITZGERALD@EXAMPLE.COM,,SKU-1539,Electronic,2,15.24,10%,30.48,USD,Mobile App,gift_card,Cancelled,us,TX,20378,,Third return this quarter from this customer.
ORD-50459,2025-05-06,2025-05-08,CUST-10185,Elena Haddad,ELENA.HADDAD@EXAMPLE.COM,B1,SKU-1043,Pets,2,14.7,5%,29.4,USD,In-Store,paypal,Cancelled,U.S.,GA,70768,,"Very happy with the product, left 5 star review."
ORD-50725,2024-07-09,2024-07-12,CUST-10022,Mateo Petrova,mpetrova@testmail.org,X9,SKU-1004,Apparel,1,43.3,0,46.35,usd,WEB,Credit Card,Pending,U.S.,CA,94129,,Asked to split delivery across two addresses - not supported.
ORD-50294,2025-05-22,2025-05-27,CUST-10169,Leila Sharma,leila91@mailinator.com,X9,SKU-1134,home & kitchen,2,97.18,0.15,260.53,USD,web,CC,COMPLETED,US,WA,55104,4,"Customer says price was lower yesterday, asked for price match."
ORD-50543,2024-01-06 16:28:00,2024-01-08,CUST-10287,Noah Laurent,NOAH.LAURENT@EXAMPLE.COM,B1,SKU-1417,pet supplies,2,127.95,0,255.9,USD,mobile app,apple_pay,Pending,US,CA,26270,2,Payment declined twice before going through.
ORD-50304,06-09-2024,2024-09-09,CUST-10043,Aisha Singh,aisha.singh@example.com,C1,SKU-1105,apparel,2,269.61,0,539.22,USD,WEB,credit_card,shipped,U.S.,MA,13145,3,Asked to split delivery across two addresses - not supported.
ORD-50354,16-02-2024,2024-02-21,CUST-10315,Elena Alvarez,ealvarez@testmail.org,A1,SKU-1321,ELECTRONICS,1,65.01,0,65.01,CAD,mobile_app,Debit,COMPLETED,CA,ON,P7E 2H2,2,"Order placed in store but shipped to home, tracking confusion."
ORD-50964,2024-08-06,2024-08-07,CUST-10304,,hugo.bergman@example.com,A1,SKU-1618,Beauty,2,82.38,0,164.76,USD,WEB,gift_card,pending,USA,IL,50600,10,"Customer says price was lower yesterday, asked for price match."
ORD-50057,2024-04-21,,CUST-10224,Marcus Novak,mnovak@testmail.org,X9,SKU-1981,PET SUPPLIES,1,29.77,0,37.66,USD,Marketplace,CC,COMPLETED,US,Fl,93948,5,Asked to split delivery across two addresses - not supported.
ORD-51105,07/09/2024,2024-07-10,CUST-10181,Kai Dubois,kai.dubois@example.com,A1,SKU-1007,PET SUPPLIES,1,113.54,0,113.54,CAD,WEB,,shipped,CAN,Quebec,M1B 8A5,3,"Customer says price was lower yesterday, asked for price match."
ORD-51112,2024-04-08,2024-04-09,CUST-10104,Yuki Moreno,yuki78@mailinator.com,A1,SKU-1765,Electronic,1,235.68,5%,235.68,USD,WEB,PayPal,Shipped,United States,new york,49872,,"Very happy with the product, left 5 star review."
ORD-50580,2024-11-11,2024-11-14,CUST-10008,Leila Iyer,liyer@testmail.org,B1,SKU-1968,Outdoors,5,65.47,0.15,350.52,USD,Web,CC,Shipped,United States,MA,70521,4,"Requested gift wrap, was not applied. Customer upset."
ORD-50033,07/31/2024,2024-08-02,CUST-10135,Amara Diallo,amara69@mailinator.com,C1,SKU-1124,OUTDOOR,1,22.94,5%,22.94,USD,store,paypal,COMPLETED,U.S.,Texas,48070,2,Wants to know if this is compatible with the 2023 model.
ORD-50982,2024-11-27,,CUST-10059,Nina Fitzgerald,nina.fitzgerald@example.com,,SKU-1570,Outdoor,1,43.65,20 %,43.65,usd,in store,Gift Card,pending,USA,NJ,68540,5,"Customer called twice about delayed shipment, agent waived shipping fee."
ORD-50800,14-06-2024,2024-06-19,CUST-10083,Liang Kowalski,liang.kowalski@example.com,B1,SKU-1930,apparel,3,124.88,10%,374.64,USD,in store,,returned,United States,IL,95056,4,"Sizing runs small per customer, exchanged for larger size."
ORD-50127,2024-09-22,2024-09-23,CUST-10061,Sofia Ahmed,sahmed@testmail.org,X9,SKU-1215,Pets,2,9.01,20 %,18.02,CAD,mobile app,PayPal,Shipped,CA,NS,N3G 3G4,5,"Loyalty points not applied at checkout, manual credit issued."
ORD-50895,2024-06-19,2024-06-21,CUST-10251,Mateo Okafor,MATEO.OKAFOR@EXAMPLE.COM,X9,SKU-1927,Outdoors,1,13.37,0,13.37,CAD,Web,credit_card,returned,Canada,ON,M8B 9B9,5,Payment declined twice before going through.
ORD-50541,2025-02-21 23:02:00,2025-02-24,CUST-10171,Tomas Petrova,tomas.petrova@example.com,X9,SKU-1438, Electronics,1,35.59,0.15,35.59,USD,web,Gift Card,Pending,U.S.,TX,22580,3,"Duplicate order - customer clicked submit twice, refunded one."
ORD-50308,2025-03-07 07:13:00,2025-03-08,CUST-10242,Priya Sharma,psharma@testmail.org,X9,SKU-1750,,1,43.75,0,43.75,USD,mobile app,credit_card,Pending,USA,IL,23894,5,Wants to know if this is compatible with the 2023 model.
ORD-50056,2024-08-14,2024-08-19,CUST-10204,Amara Lindqvist,AMARA.LINDQVIST@EXAMPLE.COM,A1,SKU-1494,GROCERY,-1,55.26,5%,-55.26,cad,Web,Credit Card,Pending,CAN,B.C.,L6C 6E4,5,Payment declined twice before going through.
ORD-50930,2024-05-07,2024-05-09,CUST-10100,Ethan Weber,ethan.weber@example.com,B1,SKU-1397,APPAREL,1,55.06,5%,55.06,,in store,paypal,Pending,US,GA,15392,4,"Order placed in store but shipped to home, tracking confusion."
ORD-50827,2025-01-17,2025-01-20,CUST-10298,Elena Nakamura,elena42@mailinator.com,B2,SKU-1596,ELECTRONICS,1,91.68,5%,91.68,USD,Web,Debit,shipped,us,FL,66771,4,Product missing accessory listed on the page.
ORD-50129,2024-06-27,2024-06-29,CUST-10131,Ethan Iyer,eiyer@testmail.org,C1,SKU-1474,Electronics,1,48.31,0.15,48.31,USD,WEB,,cancelled,USA,PA,65288,5,"Called to cancel, was already shipped. Return label sent."
ORD-50529,2024-05-18,2024-05-27,CUST-10046,Tomas Singh,,A2,SKU-1247,Grocery,3,21.59,0.15,64.77,CAD,in store,Gift Card,Completed,CA,B.C.,M5C 9B3,2,Third return this quarter from this customer.
ORD-50955,2024-11-02,2024-11-05,CUST-10206,Leila Sharma,leila56@mailinator.com,X9,SKU-1455,pet supplies,2,10.25,0,20.5,usd,WEB,Gift Card,cancelled,United States,california,15580,3,Wants to know if this is compatible with the 2023 model.
ORD-50393,2024-09-30,2024-10-01,CUST-10235,Yuki Chen,ychen@testmail.org,C3,SKU-1749,Electronics,5,875.5,0,4377.5,usd,mobile_app,CC,Completed,U.S.,Texas,80121,2,"Duplicate order - customer clicked submit twice, refunded one."
ORD-50580,2024-11-11,2024-11-14,CUST-10008,Leila Iyer,liyer@testmail.org,B1,SKU-1968,Outdoors,1,65.47,0.15,350.52,USD,Web,CC,completed,United States,MA,70521,4,"Requested gift wrap, was not applied. Customer upset."
ORD-50709,2024-05-14,2024-05-17,CUST-10003,Nina Iyer,nina.iyer@example.com,C1,SKU-1773,BEAUTY,1,54.64,0,54.64,USD,Marketplace,credit_card,Returned,USA,Texas,45598,4,"Very happy with the product, left 5 star review."
ORD-50776,2025-01-13,2025-01-14,CUST-10133,Chloe Ahmed,chloe74@mailinator.com,A1,SKU-1459,OUTDOOR,1,272.0,5%,272.0,USD,in store,PayPal,Returned,us,Fl,53673,10,"Duplicate order - customer clicked submit twice, refunded one."
ORD-50039,2025-06-06,2025-06-07,CUST-10274,Ines Singh,ines.singh@example.com,C1,SKU-1740,,1,118.6,0.0,118.6,USD,web,debit_card,Returned,us,GA,19572,2,Payment declined twice before going through.
ORD-50716,2024-11-12,2024-11-13,CUST-10162,,ZARA.ALVAREZ@EXAMPLE.COM,C3,SKU-1780,Home and Kitchen,2,46.75,,93.5,USD,web,gift_card,cancelled,USA,Texas,59160,10,"Asked about warranty length, unclear on product page."
ORD-50143,2024-11-03,2024-11-12,CUST-10261,Leila Dubois,LEILA.DUBOIS@EXAMPLE.COM,B1,SKU-1499,outdoor,1,86.43,0.15,86.43,CAD,marketplace,Credit Card,Returned,Canada,AB,V5A 7A1,,"Sizing runs small per customer, exchanged for larger size."
ORD-50544,1705530480,2024-01-20,CUST-10009,Priya Doyle,pdoyle@testmail.org,X9,SKU-1785,Outdoor,2,254.03,0,508.06,CAD,Marketplace,Debit,returned,Canada,MB,V8A 9C3,5,Payment declined twice before going through.
ORD-50970,03/02/2025,2025-03-03,CUST-10121,Yuki Alvarez,yuki.alvarez@example.com,A1,SKU-1672,Groceries,1,243.65,5%,243.65,usd,marketplace,debit_card,completed,United States,california,39646,,"Address correction after dispatch, carrier redirect fee applied."
ORD-50680,18-09-2024,2024-09-27,CUST-10316,Zara Okafor,zokafor@testmail.org,B2,SKU-1821,Beauty & Personal Care,1,10.1,0,10.1,USD,Mobile App,Credit Card,Cancelled,U.S.,new york,70560,4,"Very happy with the product, left 5 star review."
ORD-50080,2025-05-23 04:21:00,2025-05-24,CUST-10293,Fatima Nakamura,fnakamura@testmail.org,A2,SKU-1841,Beauty,1,48.79,-5,48.79,USD,mobile app,gift_card,completed,USA,new york,44761,3,Wants to know if this is compatible with the 2023 model.
ORD-50205,2024-12-19,2024-12-22,CUST-10065,Owen Weber,OWEN.WEBER@EXAMPLE.COM,A2,SKU-1889,GROCERY,1,226.34,0,226.34,USD,web,Gift Card,cancelled,U.S.,WA,14899,4,Product missing accessory listed on the page.
ORD-50131,"Mar 27, 2024",2024-03-29,CUST-10032,Andre Kowalski,ANDRE.KOWALSKI@EXAMPLE.COM,B1,SKU-1539,Beauty,1,60.28,0,60.28,USD,Marketplace,paypal,cancelled,US,IL,72410,4,"Order placed in store but shipped to home, tracking confusion."
ORD-50299,2025-06-09,2025-06-11,CUST-10066,Grace Bergman,GRACE.BERGMAN@EXAMPLE.COM,B2,SKU-1188,,10,10.58,5%,105.8,USD,marketplace,credit_card,returned,United States,GA,69695,4,Wants sustainable packaging option in future.
ORD-50022,02/28/2024,2024-03-01,CUST-10308,Ethan Nasser,ethan.nasser@example.com,B1,SKU-1869,PET SUPPLIES,1,86.36,0.15,86.36,CAD,web,CC,Completed,Canada,ontario,L6C 7G1,5,"Very happy with the product, left 5 star review."
ORD-50004,2024-03-06 15:28:00,2024-03-08,CUST-10183,Hugo Petrova,hugo.petrova@example.com,A1,SKU-1744,grocery,2,9.34,0,18.68,CAD,in store,Debit,canceled,canada,B.C.,V1A 8J7,4,"Requested gift wrap, was not applied. Customer upset."
ORD-50334,2024-03-27,2024-03-29,CUST-10123,Owen Doyle,odoyle@testmail.org,C3,SKU-1100, Home & Kitchen ,1,9.94,0.0,9.94,USD,store,debit_card,Shipped,U.S.,IL,34831,4,"Asked about warranty length, unclear on product page."
ORD-50943,2024-09-13 04:51:00,2024-09-15,CUST-10194,Maya Silva,maya.silva@example.com,B1,SKU-1703,Pets,1,10.78,0,10.78,USD,mobile app,,Cancelled,us,new york,32347,5,Asked to split delivery across two addresses - not supported.
ORD-50571,"Jul 27, 2024",2024-07-28,CUST-10281,Tomas Sharma,TOMAS.SHARMA@EXAMPLE.COM,,SKU-1224,apparel,5,46.38,0,231.9,USD,mobile_app,credit_card,Returned,USA,Texas,53597,4,"Loyalty points not applied at checkout, manual credit issued."
ORD-50095,2024-05-14,2024-05-16,CUST-10172,Grace Ferreira,GRACE.FERREIRA@EXAMPLE.COM,X9,SKU-1897,beauty,1,86.49,0,86.49,CAD,marketplace,credit_card,Returned,canada,ON,K2H 1A2,4,Asked to split delivery across two addresses - not supported.
ORD-50220,12/03/2024,2024-12-05,CUST-10078,Grace Lindqvist,grace.lindqvist@example.com,B1,SKU-1216,Home & Kitchen,2,895.38,20 %,1790.76,USD,Mobile App,paypal,completed,U.S.,PA,19269,5,"Asked about warranty length, unclear on product page."
ORD-50365,2025-04-09,2025-04-11,CUST-10093,Jonas Laurent,JONAS.LAURENT@EXAMPLE.COM,C1,SKU-1505,Pets,5,110.01,5%,550.05,USD,in store,apple_pay,returned,us,PA,65927,4,Asked to split delivery across two addresses - not supported.
ORD-50623,2025-03-29 22:12:00,2025-03-31,CUST-10177,Marcus Fitzgerald,MARCUS.FITZGERALD@EXAMPLE.COM,C3,SKU-1659,,1,241.98,5%,241.98,USD,Web,credit_card,completed,US,Fl,61468,4,"Asked about warranty length, unclear on product page."
ORD-50643,04-11-2024,2024-11-05,CUST-10247,Diego Kowalski,diego.kowalski@example.com,A2,SKU-1506,grocery,3,13.95,,41.85,USD,mobile_app,Credit Card,shipped,USA,CA,59556,5,Payment declined twice before going through.
ORD-50998,2024-09-12,2024-09-13,CUST-10067,Lucas Iyer,LUCAS.IYER@EXAMPLE.COM,C1,SKU-1953,electronics,2,10.87,10%,21.74,USD,In-Store,Credit Card,cancelled,US,PA,75170,,"Sizing runs small per customer, exchanged for larger size."
ORD-50887,2024-04-05,2024-04-08,CUST-10282,Zara Nasser,zara.nasser@example.com,A1,SKU-1893,outdoor,2,20.35,,40.7,USD,web,apple_pay,COMPLETED,U.S.,Fl,44326,4,
ORD-50149,"Aug 18, 2024",2024-08-21,CUST-10256,Ravi Bergman,ravi70@mailinator.com,B2,SKU-1427,Electronics,2,64.67,0,129.34,,Mobile App,apple_pay,cancelled,US,NJ,68873,5,"Bulk order for office, asked about corporate account pricing."
ORD-50120,2024-03-26 09:38:00,2024-03-28,CUST-10246,Kai Petrova,KAI.PETROVA@EXAMPLE.COM,A2,SKU-1532,,1,229.88,0,229.88,USD,mobile app,PayPal,cancelled,canada,AB,K3E 5C9,4,Payment declined twice before going through.
ORD-50026,2024-11-06,2024-11-09,CUST-10115,Grace Muller,grace.muller@example.com,C3,SKU-1862,Electronic,5,13.78,5%,68.9,USD,web,Credit Card,completed,us,IL,94076,5,"Loyalty points not applied at checkout, manual credit issued."
ORD-50167,2024-12-18,,CUST-10199,Noah Nasser,nnasser@testmail.org,C3,SKU-1922,OUTDOOR,1,966.86,0.0,966.86,USD,in store,paypal,Completed,U.S.,WA,46989,,"Customer says price was lower yesterday, asked for price match."
ORD-50946,12/15/2024,2024-12-16,CUST-10214,Mateo Johnson,mjohnson@testmail.org,C3,SKU-1446,GROCERY,4,84.79,0,339.16,US$,mobile_app,credit_card,Completed,United States,california,60977,4,Payment declined twice before going through.
ORD-50213,01/29/2024,2024-02-01,CUST-10051,Maya Novak,maya99@mailinator.com,C1,SKU-1321,grocery,3,109.59,0.15,328.77,USD,mobile_app,Gift Card,Pending,us,california,95089,5,"Asked about warranty length, unclear on product page."
ORD-50474,05/29/2024,2024-05-31,CUST-10045,Priya Silva,priya98@mailinator.com,C1,SKU-1151,Outdoors,2,89.79,5%,179.58,USD,In-Store,,returned,U.S.,california,63454,4,Product missing accessory listed on the page.
ORD-50421,"Jun 11, 2025",2025-06-12,CUST-10336,Ethan Weber,ethan46@mailinator.com,A2,SKU-1255,Outdoors,10,937.89,0,9378.9,USD,Marketplace,Debit,cancelled,us,FL,70574,5,Wants sustainable packaging option in future.
ORD-50184,2024-06-23 18:35:00,2024-06-24,CUST-10238,Marcus Johnson,mjohnson@testmail.org,,SKU-1857,Beauty & Personal Care,1,,,,USD,store,debit_card,shipped,USA,Texas,52899,4,"Customer says price was lower yesterday, asked for price match."
ORD-51038,12/31/2024,2024-12-29,CUST-10073,Elena Fitzgerald,ELENA.FITZGERALD@EXAMPLE.COM,B1,SKU-1185,BEAUTY,1,827.81,0.15,827.81,USD,store,Gift Card,Returned,US,NJ,59277,2,Wants sustainable packaging option in future.
ORD-51111,2024-08-10,2024-08-19,CUST-10146,Aisha Johnson,aisha95@mailinator.com,,SKU-1962,BEAUTY,1,926.49,0,926.49,CAD,mobile_app,,Pending,canada,ON,L6H 7H8,3,"Address correction after dispatch, carrier redirect fee applied."
ORD-50861,2024-02-11,2024-02-16,CUST-10188,Andre Novak,anovak@testmail.org,B1,SKU-1894,beauty,5,13.29,0.15,66.45,USD,mobile_app,CC,Shipped,us,IL,67324,4,
ORD-50813,04/12/2024,2024-04-17,CUST-10204,Amara Lindqvist,AMARA.LINDQVIST@EXAMPLE.COM,A2,SKU-1523,Pet Supplies,1,950.49,5%,950.49,USD,web,,canceled,U.S.,california,10923,,Asked to split delivery across two addresses - not supported.
ORD-50824,2024-09-09,2024-09-10,CUST-10202,Tomas Iyer,tiyer@testmail.org,X9,SKU-1915, Electronics,4,21.46,5%,85.84,USD,marketplace,CC,pending,US,CA,33947,4,"Very happy with the product, left 5 star review."
ORD-50281,2024-11-07,2024-11-08,CUST-10099,Mateo Petrova,mpetrova@testmail.org,B2,SKU-1823,Pets,1,19.28,10%,19.28,,web,paypal,Pending,US,Fl,85455,3,"Duplicate order - customer clicked submit twice, refunded one."
ORD-50361,2024-01-27,2024-01-29,CUST-10171,Tomas Petrova,tomas.petrova@example.com,C3,SKU-1962,BEAUTY,2,33.55,10%,67.1,USD,web,,Pending,CA,MB,L7J 2A4,5,"Called to cancel, was already shipped. Return label sent."
ORD-50822,"Mar 01, 2025",2025-03-02,CUST-10095,Amara Petrova,amara.petrova@example.com,C1,SKU-1178,Home and Kitchen,5,58.52,-5,292.6,USD,WEB,CC,COMPLETED,us,california,99135,5,"Customer says price was lower yesterday, asked for price match."
ORD-50240,2024-02-29,2024-03-01,CUST-10045,Priya Silva,priya98@mailinator.com,A2,SKU-1053,APPAREL,10,839.52,,8395.2,USD,marketplace,debit_card,canceled,U.S.,TX,76666,5,Asked to split delivery across two addresses - not supported.
ORD-50901,2024-08-22,2024-08-25,CUST-10231,Yuki Costa,ycosta@testmail.org,C3,SKU-1453,apparel,2,55.69,0,111.38,USD,In-Store,Credit Card,completed,US,california,57052,3,Wants sustainable packaging option in future.
ORD-50060,2024-02-01,2024-02-02,CUST-10258,Sofia Chen,schen@testmail.org,,SKU-1562,PET SUPPLIES,1,87.5,0,87.5,USD,Mobile App,Gift Card,cancelled,United States,TX,81046,,Item arrived damaged - box crushed. Replacement sent no charge.
ORD-51072,03-04-2025,2025-04-08,CUST-10299,Leila Fitzgerald,LEILA.FITZGERALD@EXAMPLE.COM,C3,SKU-1345,beauty,1,21.09,0,21.09,CAD,marketplace,,shipped,CAN,BC,P8E 1C2,3,Third return this quarter from this customer.
ORD-50006,03/02/2024,2024-03-05,CUST-10242,Priya Sharma,psharma@testmail.org,X9,SKU-1888,Home & Kitchen,4,14.3,0.0,57.2,USD,Mobile App,apple_pay,Shipped,U.S.,Texas,56090,3,Wants sustainable packaging option in future.
ORD-50542,2024-03-31,2024-04-02,CUST-10009,Priya Doyle,pdoyle@testmail.org,B1,SKU-1786,home & kitchen,4,10.03,0,40.12,USD,mobile app,credit_card,Cancelled,canada,ontario,P9B 7G2,4,Third return this quarter from this customer.
ORD-50722,2025-04-29,2025-04-30,CUST-10039,Jonas Ahmed,,X9,SKU-1998,OUTDOOR,4,64.22,0,256.88,USD,Mobile App,Gift Card,Returned,U.S.,Texas,73356,n/a,"Duplicate order - customer clicked submit twice, refunded one."
ORD-50818,2025-05-25,2025-05-26,CUST-10216,Zara Reyes,zreyes@testmail.org,B1,SKU-1615,PET SUPPLIES,10,9.12,5%,91.2,CAD,Marketplace,gift_card,shipped,CAN,NS,K9E 9J4,5,"Duplicate order - customer clicked submit twice, refunded one."
ORD-50733,2024-12-15,2024-12-24,CUST-10039,Jonas Ahmed,jahmed@testmail.org,,SKU-1164,Beauty & Personal Care,1,13.44,10%,13.44,USD,WEB,Debit,Shipped,us,GA,67033,5,Payment declined twice before going through.
ORD-51069,2024-10-20,2024-10-21,CUST-10314,Noah Singh,noah.singh@example.com,B1,SKU-1834, Electronics,2,251.29,0,502.58,,In-Store,Credit Card,Pending,us,NJ,31965,3,"Address correction after dispatch, carrier redirect fee applied."
ORD-50338,2024-12-31,2025-01-05,CUST-10138,Andre Ahmed,aahmed@testmail.org,B2,SKU-1942,Pets,3,9.29,20 %,27.87,US$,Mobile App,,pending,USA,new york,81423,,"Very happy with the product, left 5 star review."
ORD-50043,2025-02-22,2025-02-27,CUST-10218,Sofia Fitzgerald,SOFIA.FITZGERALD@EXAMPLE.COM,B1,SKU-1825,OUTDOOR,1,48.97,5%,48.97,USD,store,PayPal,returned,us,MA,79467,3,"Customer says price was lower yesterday, asked for price match."
ORD-50448,2025-01-11,2025-01-12,CUST-10078,Grace Lindqvist,grace.lindqvist@example.com,B2,SKU-1411,BEAUTY,1,33.65,0,33.65,USD,mobile_app,PayPal,Cancelled,canada,MB,N8H 8E7,4,"Sizing runs small per customer, exchanged for larger size."
ORD-51096,2024-04-02 22:58:00,2024-04-03,CUST-10207,Andre Diallo,adiallo@testmail.org,B2,SKU-1320,home & kitchen,1,35.2,10%,35.2,USD,in store,debit_card,pending,us,IL,37953,4,"Order placed in store but shipped to home, tracking confusion."
ORD-50780,2024-03-21 23:47:00,2024-03-23,CUST-10098,Zara Fitzgerald,zfitzgerald@testmail.org,X9,SKU-1685,Electronics,2,14.67,,33.73,USD,Web,PayPal,completed,US,MA,94752,4,Third return this quarter from this customer.
ORD-50823,2025-05-14 11:39:00,2025-05-15,CUST-10301,Fatima Costa,FATIMA.COSTA@EXAMPLE.COM,C1,SKU-1282,Outdoor,1,25.08,,29.0,,Mobile App,credit_card,Returned,us,FL,31522,3,Payment declined twice before going through.
ORD-50266,04/04/2025,2025-04-05,CUST-10068,Hugo Costa,hugo.costa@example.com,A2,SKU-1316,electronics,2,49.3,5%,98.6,USD,mobile_app,apple_pay,Completed,US,MA,17854,3,Third return this quarter from this customer.
ORD-50077,1728870660,2024-10-16,CUST-10248,Ethan Costa,ethan13@mailinator.com,A2,SKU-1253,Electronic,2,57.24,0.15,114.48,USD,web,debit_card,Returned,CAN,ON,N6J 3B4,5,Payment declined twice before going through.
ORD-50423,2024-12-11,2024-12-20,CUST-10207,Andre Diallo,adiallo@testmail.org,C3,SKU-1781,beauty,1,33.05,0.15,33.05,USD,mobile app,PayPal,pending,Canada,B.C.,K9B 2B8,,"Requested gift wrap, was not applied. Customer upset."
ORD-50325,2024-06-11,2024-06-12,CUST-10337,Camille Doyle,cdoyle@testmail.org,B1,SKU-1221,Outdoor,1,49.44,10%,49.44,USD,mobile_app,credit_card,cancelled,us,PA,28161,3,"Duplicate order - customer clicked submit twice, refunded one."
ORD-50740,1705733460,2024-01-22,CUST-10203,Sofia Diallo,,C3,SKU-1701,,4,9.83,0,39.32,CAD,marketplace,debit_card,shipped,CA,Quebec,L7J 8B5,,Asked to split delivery across two addresses - not supported.
ORD-50254,24-03-2024,2024-03-25,CUST-10167,Yuki Haddad,yuki.haddad@example.com,C3,SKU-1510,Apparel,2,35.19,5%,70.38,USD,mobile app,Gift Card,Pending,us,GA,73346,5,Third return this quarter from this customer.
ORD-50110,02/02/2025,2025-02-05,CUST-10285,Tomas Iyer,tomas12@mailinator.com,A2,SKU-1366,Home and Kitchen,3,32.14,10%,96.42,USD,Marketplace,Debit,Returned,United States,WA,21338,4,"Very happy with the product, left 5 star review."
ORD-50866,2025-04-14,2025-04-17,CUST-10176,Maya Dubois,maya54@mailinator.com,B1,SKU-1792,Beauty & Personal Care,4,19.48,0,77.92,USD,WEB,credit_card,Returned,U.S.,california,45353,4,Asked to split delivery across two addresses - not supported.
ORD-50316,05/02/2025,2025-05-04,CUST-10203,Sofia Diallo,sdiallo@testmail.org,A1,SKU-1615,Groceries,1,41.08,20 %,41.08,USD,mobile app,PayPal,canceled,us,GA,37973,2,"Customer called twice about delayed shipment, agent waived shipping fee."
ORD-50700,"Feb 26, 2025",2025-03-01,CUST-10002,Jonas Costa,jonas.costa@example.com,B2,SKU-1342,electronics,1,109.97,10%,141.23,usd,Mobile App,PayPal,Shipped,U.S.,CA,15616,10,"Requested gift wrap, was not applied. Customer upset."
ORD-50010,15-03-2025,2025-03-17,CUST-10256,,ravi70@mailinator.com,,SKU-1851,Outdoors,1,9.86,0,13.36,USD,store,Credit Card,shipped,US,Fl,67104,5,Wants sustainable packaging option in future.
ORD-50892,04/27/2025,2025-04-30,CUST-10200,Hugo Muller,hugo.muller@example.com,B2,SKU-1672,GROCERY,2,22.34,0,44.68,USD,mobile_app,PayPal,Returned,United States,GA,54199,,Item arrived damaged - box crushed. Replacement sent no charge.
ORD-50761,28-02-2025,2025-03-01,CUST-10168,Priya Sharma,PRIYA.SHARMA@EXAMPLE.COM,,SKU-1409,,3,916.58,5%,2749.74,USD,Marketplace,paypal,completed,United States,GA,97915,5,"Called to cancel, was already shipped. Return label sent."
ORD-50944,2024-03-29,2024-04-01,CUST-10291,Chloe Doyle,chloe77@mailinator.com,C3,SKU-1504,Groceries,10,10.05,0,128.23,USD,Marketplace,gift_card,completed,United States,PA,36376,3,"Customer called twice about delayed shipment, agent waived shipping fee."
ORD-50068,2024-06-05,2024-06-07,CUST-10030,Priya Tanaka,priya18@mailinator.com,X9,SKU-1600,Groceries,2,937.23,0,2024.74,USD,Marketplace,,Completed,United States,california,50654,5,"Customer says price was lower yesterday, asked for price match."
ORD-50381,2024-12-02,2024-12-03,CUST-10097,Priya Nakamura,,C1,SKU-1657,BEAUTY,1,9.38,,9.38,USD,Mobile App,Debit,pending,USA,NY,17500,10,"Customer called twice about delayed shipment, agent waived shipping fee."
ORD-50409,2025-05-28 09:20:00,2025-05-30,CUST-10155,Zara Singh,zara.singh@example.com,B1,SKU-1331, Home & Kitchen ,1,905.94,10%,905.94,CAD,WEB,CC,Returned,CA,AB,V3C 9E7,5,"Loyalty points not applied at checkout, manual credit issued."
ORD-50049,2024-08-23 06:57:00,2024-09-01,CUST-10087,Sofia Reyes,sofia9@mailinator.com,C1,SKU-1920, Home & Kitchen ,4,950.13,5%,3800.52,,WEB,paypal,completed,US,NJ,37152,5,Asked to split delivery across two addresses - not supported.
ORD-50441,2024-02-26,2024-02-24,CUST-10012,Felix Chen,FELIX.CHEN@EXAMPLE.COM,B1,SKU-1656,Beauty,1,90.95,0,121.77,USD,web,credit_card,Shipped,U.S.,Texas,60449,3,"Order placed in store but shipped to home, tracking confusion."
ORD-50646,2025-03-21,2025-03-30,CUST-10283,Amara Laurent,amara78@mailinator.com,C1,SKU-1134,Clothing,2,982.05,0.15,2135.26,USD,mobile_app,CC,COMPLETED,United States,new york,31153,,Wants sustainable packaging option in future.
ORD-50085,2024-05-31,2024-06-03,CUST-10229,Andre Novak,andre98@mailinator.com,C3,SKU-1877,apparel,-1,22.21,0.15,-22.21,US$,web,apple_pay,Returned,United States,FL,78493,5,"Requested gift wrap, was not applied. Customer upset."
ORD-51145,2024-06-11,,CUST-10234,Amara Nasser,amara69@mailinator.com,C3,SKU-1936,Apparel ,1,840.29,0,840.29,USD,WEB,gift_card,canceled,United States,PA,10932,3,"Sizing runs small per customer, exchanged for larger size."
ORD-50534,2025-05-25,2025-05-28,CUST-10270,Sofia Johnson,SOFIA.JOHNSON@EXAMPLE.COM,B2,SKU-1158,Home and Kitchen,5,9.51,0,47.55,,store,apple_pay,pending,USA,NJ,48686,5,Wants sustainable packaging option in future.
ORD-50546,11/29/2024,2024-12-01,CUST-10015,Nina Doyle,nina.doyle@example.com,A1,SKU-1856,PET SUPPLIES,1,23.09,0,23.09,USD,web,paypal,Cancelled,USA,NJ,96977,3,"Duplicate order - customer clicked submit twice, refunded one."
ORD-51029,2025-03-17,2025-03-15,CUST-10110,Tomas Nasser,tomas.nasser@example.com,A1,SKU-1815,,1,118.22,0,118.22,USD,store,debit_card,completed,United States,new york,76606,5,"Called to cancel, was already shipped. Return label sent."
ORD-50666,"Feb 21, 2024",2024-03-01,CUST-10061,Sofia Ahmed,sahmed@testmail.org,C1,SKU-1710,OUTDOOR,-1,9.46,5%,-9.46,usd,mobile_app,apple_pay,COMPLETED,us,WA,56205,3,"Asked about warranty length, unclear on product page."
ORD-51063,01/06/2024,2024-01-04,CUST-10032,Andre Kowalski,ANDRE.KOWALSKI@EXAMPLE.COM,C1,SKU-1698,GROCERY,2,855.02,20 %,1710.04,USD,WEB,Credit Card,Shipped,U.S.,GA,66332,2,"Address correction after dispatch, carrier redirect fee applied."
ORD-51008,2024-01-13,2024-01-15,CUST-10265,Owen Muller,owen.muller@example.com,B2,SKU-1593,Outdoor,4,15.73,10%,62.92,usd,Mobile App,Debit,canceled,USA,Texas,93215,5,"Called to cancel, was already shipped. Return label sent."
ORD-50876,03/13/2025,2025-03-16,CUST-10026,Chloe Tanaka,chloe9@mailinator.com,C3,SKU-1790, Electronics,4,889.48,0,3557.92,,store,Debit,completed,us,Fl,89594,5,Asked to split delivery across two addresses - not supported.
ORD-50169,2024-01-08 18:31:00,2024-01-09,CUST-10309,Hugo Haddad,HUGO.HADDAD@EXAMPLE.COM,C3,SKU-1034,beauty,1,60.61,5%,60.61,USD,mobile app,Credit Card,Returned,U.S.,FL,73115,10,Wants to know if this is compatible with the 2023 model.
ORD-50503,1747623540,2025-05-24,CUST-10306,Andre Sharma,,B1,SKU-1033,Electronic,1,13.34,10%,13.34,CAD,mobile app,,pending,CA,BC,V6H 2A3,,"Sizing runs small per customer, exchanged for larger size."
ORD-50524,2024-12-07,2024-12-10,CUST-10241,Marcus Rossi,marcus.rossi@example.com,B2,SKU-1420,outdoor,5,40.91,10%,204.55,USD,store,Gift Card,Pending,United States,Texas,19516,3,"Order placed in store but shipped to home, tracking confusion."
ORD-50798,2024-08-10 18:44:00,2024-08-13,CUST-10134,Yuki Chen,YUKI.CHEN@EXAMPLE.COM,A2,SKU-1263,Beauty,1,84.86,0.15,97.48,USD,store,credit_card,Returned,us,FL,91293,,"Sizing runs small per customer, exchanged for larger size."
ORD-50501,2024-11-03 08:06:00,2024-11-06,CUST-10011,Lucas Lindqvist,llindqvist@testmail.org,,SKU-1926,Beauty & Personal Care,1,115.21,,115.21,,in store,Gift Card,cancelled,United States,NY,64086,5,Product missing accessory listed on the page.
ORD-51036,2024-06-30,,CUST-10168,Priya Sharma,PRIYA.SHARMA@EXAMPLE.COM,A1,SKU-1260,grocery,3,45.06,0,135.18,USD,in store,Gift Card,completed,USA,GA,87726,4,"Order placed in store but shipped to home, tracking confusion."
ORD-50925,2024-08-08 16:16:00,,CUST-10328,Elena Lindqvist,elena39@mailinator.com,,SKU-1849, Home & Kitchen ,2,15.5,,31.0,USD,mobile app,credit_card,pending,US,CA,54394,2,Wants sustainable packaging option in future.
ORD-50241,04/13/2024,2024-04-18,CUST-10137,Ethan Haddad,ethan.haddad@example.com,B2,SKU-1801,HOME & KITCHEN,2,54.78,0,109.56,CAD,WEB,debit_card,returned,CAN,ON,N9E 1A8,10,"Asked about warranty length, unclear on product page."
ORD-50387,2024-07-09 00:28:00,2024-07-11,CUST-10004,Sofia Doyle,sofia.doyle@example.com,B2,SKU-1258,Apparel ,2,46.33,5%,92.66,CAD,In-Store,,Cancelled,Canada,MB,M1B 9A7,4,"Loyalty points not applied at checkout, manual credit issued."
ORD-50020,2024-05-18 02:45:00,2024-05-20,CUST-10180,Ines Petrova,ines.petrova@example.com,A1,SKU-1323,Outdoors,3,21.31,0,63.93,USD,in store,gift_card,Shipped,United States,new york,14799,5,"Bulk order for office, asked about corporate account pricing."
ORD-50118,2025-04-27,2025-04-29,CUST-10207,Andre Diallo,adiallo@testmail.org,C1,SKU-1171,Outdoor,4,956.77,0,3827.08,USD,In-Store,apple_pay,Returned,USA,GA,19023,3,Asked to split delivery across two addresses - not supported.
ORD-51052,28-09-2024,2024-09-29,CUST-10138,Andre Ahmed,aahmed@testmail.org,B2,SKU-1463,Beauty & Personal Care,1,245.84,0.15,318.09,USD,In-Store,gift_card,returned,US,new york,80299,4,"Very happy with the product, left 5 star review."
ORD-50378,09/17/2024,2024-09-18,CUST-10007,Felix Lindqvist,felix1@mailinator.com,B1,SKU-1269,APPAREL,1,61.0,5%,61.0,USD,in store,apple_pay,pending,us,Texas,60193,4,"Called to cancel, was already shipped. Return label sent."
ORD-50981,2024-05-19,2024-05-22,CUST-10176,Maya Dubois,maya54@mailinator.com,C1,SKU-1259,pet supplies,1,89.67,0,89.67,USD,mobile app,Debit,returned,USA,PA,72767,5,"Sizing runs small per customer, exchanged for larger size."
ORD-50264,2024-03-05,2024-03-10,CUST-10103,Yuki Bergman,,A2,SKU-1835,APPAREL,5,22.04,10%,110.2,usd,mobile_app,apple_pay,shipped,US,MA,81002,4,Product missing accessory listed on the page.
ORD-50537,1722147180,2024-08-02,CUST-10068,Hugo Costa,hugo.costa@example.com,A2,SKU-1404,Beauty,2,40.84,0,81.68,USD,Web,Credit Card,Completed,US,Fl,88624,4,"Very happy with the product, left 5 star review."
ORD-50596,03/04/2024,2024-03-09,CUST-10126,Fatima Tanaka,ftanaka@testmail.org,B2,SKU-1420,PET SUPPLIES,5,9.69,5%,48.45,CAD,Web,Gift Card,Returned,CA,ontario,M6C 1E8,1,"Customer called twice about delayed shipment, agent waived shipping fee."
ORD-50014,2024-03-27,2024-04-01,CUST-10170,Sofia Iyer,siyer@testmail.org,A2,SKU-1661,Home and Kitchen,2,43.29,0.15,86.58,USD,web,paypal,Shipped,United States,TX,33627,10,"Sizing runs small per customer, exchanged for larger size."
ORD-50583,2024-06-09,2024-06-11,CUST-10219,Marcus Novak,marcus98@mailinator.com,A2,SKU-1537,Outdoors,2,22.18,0.0,44.36,CAD,In-Store,credit_card,completed,CAN,AB,K5E 7E2,4,"Sizing runs small per customer, exchanged for larger size."
ORD-50672,2024-11-12,2024-11-17,CUST-10205,Noah Iyer,NOAH.IYER@EXAMPLE.COM,,SKU-1452,Electronics,1,230.48,0,230.48,USD,mobile app,Gift Card,cancelled,us,NJ,60818,5,Return window question - purchased as holiday gift.
ORD-50527,2024-06-06 22:04:00,2024-06-07,CUST-10115,Grace Muller,,B1,SKU-1700,outdoor,1,23.36,0.0,23.36,USD,Web,CC,shipped,U.S.,Fl,19596,3,"Requested gift wrap, was not applied. Customer upset."
ORD-50436,11/07/2024,2024-11-16,CUST-10014,Tomas Moreno,tmoreno@testmail.org,C3,SKU-1883,,2,21.93,20 %,43.86,CAD,mobile app,apple_pay,Completed,canada,MB,K2G 7H3,5,"Customer says price was lower yesterday, asked for price match."
ORD-50947,2024-08-31,,CUST-10068,Hugo Costa,hugo.costa@example.com,A1,SKU-1905,Clothing,2,120.21,0.0,240.42,USD,mobile_app,Gift Card,Cancelled,United States,MA,11195,,Third return this quarter from this customer.
ORD-50719,2024-03-03,2024-03-04,CUST-10035,,PRIYA.LAURENT@EXAMPLE.COM,B2,SKU-1534,pet supplies,3,43.61,0.0,130.83,USD,Web,CC,shipped,canada,QC,L7A 6A3,1,"Loyalty points not applied at checkout, manual credit issued."
ORD-51059,2025-04-03,2025-04-06,CUST-10187,Ines Rossi,ines.rossi@example.com,C3,SKU-1351,home & kitchen,1,263.36,0.0,263.36,USD,In-Store,Debit,Returned,United States,Texas,96153,2,Payment declined twice before going through.
ORD-50520,2025-06-15,2025-06-16,CUST-10174,Hugo Ahmed,HUGO.AHMED@EXAMPLE.COM,B2,SKU-1501,Apparel ,1,950.35,10%,950.35,USD,web,Debit,completed,U.S.,WA,66792,4,Item arrived damaged - box crushed. Replacement sent no charge.
ORD-50466,2024-11-27,2024-12-02,CUST-10167,Yuki Haddad,yuki.haddad@example.com,A1,SKU-1904,OUTDOOR,1,47.99,0,47.99,USD,WEB,gift_card,Completed,US,new york,18899,3,"Requested gift wrap, was not applied. Customer upset."
ORD-50021,07/10/2024,2024-07-19,CUST-10024,Jonas Haddad,jonas.haddad@example.com,A2,SKU-1440,GROCERY,1,44.43,5%,44.43,USD,in store,Debit,cancelled,United States,WA,23447,2,Return window question - purchased as holiday gift.
ORD-50401,12-06-2024,2024-06-13,CUST-10123,Owen Doyle,odoyle@testmail.org,,SKU-1882,grocery,-1,123.39,0.15,-123.39,,Mobile App,Gift Card,Completed,U.S.,Fl,89557,5,"Order placed in store but shipped to home, tracking confusion."
ORD-51049,2024-03-09,2024-03-10,CUST-10011,Lucas Lindqvist,llindqvist@testmail.org,A1,SKU-1468,Beauty,2,226.85,0,453.7,,WEB,Credit Card,Cancelled,United States,NY,33897,5,"Order placed in store but shipped to home, tracking confusion."
ORD-50550,04-02-2025,2025-02-06,CUST-10073,Elena Fitzgerald,ELENA.FITZGERALD@EXAMPLE.COM,B1,SKU-1610,HOME & KITCHEN,1,,0,,USD,Web,gift_card,Pending,United States,GA,91971,,Asked to split delivery across two addresses - not supported.
ORD-51087,2024-01-06,2024-01-08,CUST-10150,Priya Okafor,priya6@mailinator.com,B1,SKU-1702,Electronic,3,112.62,,337.86,USD,Mobile App,paypal,cancelled,USA,FL,24754,3,"Requested gift wrap, was not applied. Customer upset."
ORD-50903,2024-10-05 00:38:00,2024-10-10,CUST-10028,Grace Laurent,GRACE.LAURENT@EXAMPLE.COM,C3,SKU-1304,Clothing,1,59.42,0,67.46,USD,WEB,debit_card,Cancelled,USA,new york,81002,4,Item arrived damaged - box crushed. Replacement sent no charge.
ORD-50617,2024-11-17,2024-11-19,CUST-10116,Lucas Singh,LUCAS.SINGH@EXAMPLE.COM,C1,SKU-1575,Groceries,1,231.8,,231.8,USD,mobile_app,,COMPLETED,canada,QC,P9E 7G9,5,Product missing accessory listed on the page.
ORD-51101,06/11/2025,2025-06-14,CUST-10222,Diego Fitzgerald,diego52@mailinator.com,C1,SKU-1553,grocery,1,94.35,10%,94.35,US$,Marketplace,CC,Returned,US,PA,63719,4,Third return this quarter from this customer.
ORD-50419,2025-06-15 04:47:00,2025-06-18,CUST-10031,Andre Novak,anovak@testmail.org,A1,SKU-1509,outdoor,4,861.8,0.0,3447.2,USD,mobile app,Debit,Returned,USA,WA,52083,1,"Customer called twice about delayed shipment, agent waived shipping fee."
ORD-51080,2024-08-30,2024-08-31,CUST-10298,Elena Nakamura,elena42@mailinator.com,A2,SKU-1208,Outdoor,3,35.53,5%,106.59,USD,mobile_app,Debit,returned,U.S.,CA,58088,4,"Bulk order for office, asked about corporate account pricing."
ORD-50931,09/02/2024,2024-09-04,CUST-10309,Hugo Haddad,HUGO.HADDAD@EXAMPLE.COM,,SKU-1806,Beauty & Personal Care,1,97.3,5%,97.3,USD,web,debit_card,canceled,us,IL,61025,4,"Order placed in store but shipped to home, tracking confusion."
ORD-50073,03/27/2024,2024-03-30,CUST-10030,Priya Tanaka,,B1,SKU-1242,APPAREL,1,25.91,0.0,25.91,US$,store,paypal,cancelled,U.S.,GA,69343,4,Wants to know if this is compatible with the 2023 model.
ORD-51015,06/17/2025,2025-06-26,CUST-10048,Noah Nakamura,nnakamura@testmail.org,C1,SKU-1520,APPAREL,1,9.77,0.0,9.77,USD,web,,shipped,US,IL,63121,5,"Customer called twice about delayed shipment, agent waived shipping fee."
ORD-50083,2024-04-28,2024-04-30,CUST-10044,Hugo Laurent,hugo39@mailinator.com,B1,SKU-1379,Electronic,2,13.12,10%,26.24,CAD,In-Store,credit_card,Shipped,Canada,QC,N8C 4J5,5,"Duplicate order - customer clicked submit twice, refunded one."
ORD-50547,2024-05-30,2024-06-04,CUST-10289,Ravi Ferreira,RAVI.FERREIRA@EXAMPLE.COM,A2,SKU-1945,OUTDOOR,1,,0.0,,USD,In-Store,PayPal,Completed,United States,PA,98081,,"Duplicate order - customer clicked submit twice, refunded one."
ORD-50875,"May 07, 2025",2025-05-08,CUST-10085,Nina Johnson,nina65@mailinator.com,A2,SKU-1149,Beauty & Personal Care,2,13.4,0.15,26.8,USD,Mobile App,CC,shipped,U.S.,TX,48692,5,Third return this quarter from this customer.
ORD-50061,2024-02-03,2024-02-08,CUST-10225,Ravi Costa,rcosta@testmail.org,B2,SKU-1214,outdoor,0,15.18,0.0,0.0,usd,mobile app,apple_pay,pending,USA,IL,66120,3,"Duplicate order - customer clicked submit twice, refunded one."
ORD-50243,2025-05-02,2025-05-03,CUST-10339,Camille Bergman,camille.bergman@example.com,X9,SKU-1551,ELECTRONICS,1,241.41,5%,241.41,,Marketplace,Credit Card,returned,USA,new york,14056,,"Very happy with the product, left 5 star review."
ORD-50744,2024-06-20,2024-06-21,CUST-10293,Fatima Nakamura,fnakamura@testmail.org,A1,SKU-1116,Home and Kitchen,1,19.38,0.0,19.38,CAD,mobile app,Debit,cancelled,CAN,BC,V1B 7G9,5,"Order placed in store but shipped to home, tracking confusion."
ORD-50828,2025-06-21,2025-06-23,CUST-10053,Yuki Diallo,YUKI.DIALLO@EXAMPLE.COM,A1,SKU-1146,Grocery,2,109.86,5%,219.72,USD,Marketplace,debit_card,shipped,US,PA,19450,4,"Loyalty points not applied at checkout, manual credit issued."
ORD-50091,1707245100,2024-02-11,CUST-10307,Sofia Johnson,sjohnson@testmail.org,,SKU-1928,BEAUTY,2,10.3,0,20.6,USD,Mobile App,CC,pending,U.S.,WA,83170,3,"Requested gift wrap, was not applied. Customer upset."
ORD-50135,02/05/2025,2025-02-06,CUST-10255,Jonas Fitzgerald,jonas34@mailinator.com,A2,SKU-1997, Electronics,3,9.65,,28.95,USD,In-Store,debit_card,Pending,USA,NY,14392,3,"Requested gift wrap, was not applied. Customer upset."
ORD-51002,"Apr 24, 2024",2024-04-25,CUST-10194,Maya Silva,maya.silva@example.com,X9,SKU-1289,,2,9.95,0,19.9,USD,web,Gift Card,shipped,canada,BC,K7G 8G6,3,"Loyalty points not applied at checkout, manual credit issued."
ORD-50023,01/27/2024,2024-01-29,CUST-10190,Maya Okafor,maya32@mailinator.com,,SKU-1219,Beauty,2,116.81,5%,233.62,US$,In-Store,debit_card,Completed,U.S.,FL,27790,,"Very happy with the product, left 5 star review."
ORD-51034,2024-05-12,2024-05-13,CUST-10051,Maya Novak,maya99@mailinator.com,X9,SKU-1630,Electronics,2,30.41,0.15,60.82,USD,Web,debit_card,Completed,USA,NJ,53240,,"Sizing runs small per customer, exchanged for larger size."
ORD-50060,2024-02-01,2024-02-02,CUST-10258,Sofia Chen,schen@testmail.org,,SKU-1562,PET SUPPLIES,1,87.5,0,87.5,USD,Mobile App,Gift Card,cancelled,United States,TX,81046,,Item arrived damaged - box crushed. Replacement sent no charge.
ORD-50018,2024-08-31,2024-09-02,CUST-10009,Priya Doyle,pdoyle@testmail.org,,SKU-1611,electronics,4,130.57,0.15,522.28,USD,marketplace,debit_card,Pending,United States,CA,28818,4,"Customer called twice about delayed shipment, agent waived shipping fee."
ORD-50913,1708777980,2024-02-25,CUST-10210,Fatima Lindqvist,fatima.lindqvist@example.com,A1,SKU-1511,Apparel ,5,109.7,0,548.5,usd,mobile app,debit_card,pending,USA,NJ,32510,3,"Customer says price was lower yesterday, asked for price match."
ORD-51025,"Apr 14, 2024",2024-04-15,CUST-10116,Lucas Singh,LUCAS.SINGH@EXAMPLE.COM,C3,SKU-1865,pet supplies,-1,21.14,5%,-21.14,USD,mobile app,CC,Returned,United States,Texas,64325,5,"Loyalty points not applied at checkout, manual credit issued."
ORD-50842,2025-05-11 22:04:00,2025-05-14,CUST-10266,Maya Muller,maya.muller@example.com,,SKU-1389,Outdoor,1,13.43,20 %,17.1,USD,marketplace,Credit Card,shipped,U.S.,MA,82628,5,Wants to know if this is compatible with the 2023 model.
ORD-51020,2024-01-26 12:44:00,2024-01-29,CUST-10328,Elena Lindqvist,elena39@mailinator.com,X9,SKU-1309, Home & Kitchen ,4,44.66,0,178.64,CAD,in store,apple_pay,canceled,CA,ontario,K2C 6C8,1,"Customer says price was lower yesterday, asked for price match."
ORD-50508,2024-12-06 21:42:00,2024-12-11,CUST-10175,Marcus Okafor,mokafor@testmail.org,B2,SKU-1445,GROCERY,1,14.45,0,14.45,USD,web,gift_card,Pending,us,FL,87460,5,"Order placed in store but shipped to home, tracking confusion."
ORD-50424,2025-06-07 06:09:00,2025-06-08,CUST-10151,Marcus Reyes,marcus.reyes@example.com,B1,SKU-1576,APPAREL,1,60.63,0,60.63,USD,in store,paypal,returned,us,TX,40202,5,Wants sustainable packaging option in future.
ORD-50209,2024-01-29 07:51:00,2024-01-31,CUST-10211,Yuki Ahmed,yuki58@mailinator.com,A1,SKU-1206,ELECTRONICS,2,33.97,5%,67.94,CAD,Mobile App,Debit,pending,CAN,QC,P3H 1H8,5,Item arrived damaged - box crushed. Replacement sent no charge.
ORD-50609,2024-04-10,2024-04-15,CUST-10141,Grace Iyer,GRACE.IYER@EXAMPLE.COM,B1,SKU-1003,beauty,1,32.15,0,41.51,USD,mobile app,apple_pay,Cancelled,U.S.,Fl,67348,,"Sizing runs small per customer, exchanged for larger size."
ORD-51066,09/02/2024,2024-09-05,CUST-10124,Diego Ferreira,,C3,SKU-1991,BEAUTY,1,15.9,0,15.9,USD,WEB,CC,canceled,United States,TX,93317,,"Customer says price was lower yesterday, asked for price match."
ORD-50745,2025-03-12 04:00:00,2025-03-13,CUST-10106,Aisha Johnson,aisha.johnson@example.com,B2,SKU-1125,outdoor,3,22.53,5%,67.59,USD,Mobile App,Debit,Completed,CAN,ontario,L1E 6J7,4,"Asked about warranty length, unclear on product page."
ORD-50519,2024-09-11,,CUST-10058,Fatima Okafor,fatima76@mailinator.com,B1,SKU-1988,beauty,3,20.3,0.15,60.9,US$,marketplace,credit_card,pending,us,CA,37551,5,"Customer called twice about delayed shipment, agent waived shipping fee."
ORD-50945,2024-05-05,2024-05-06,CUST-10237,Noah Lindqvist,,A1,SKU-1723,GROCERY,2,249.66,0,499.32,CAD,in store,PayPal,completed,CAN,B.C.,N1C 9A3,5,"Address correction after dispatch, carrier redirect fee applied."
ORD-51007,2025-06-18,2025-06-19,CUST-10329,Chloe Lindqvist,chloe.lindqvist@example.com,A1,SKU-1004,BEAUTY,0,63.04,0,0.0,CAD,WEB,debit_card,Shipped,canada,AB,K6E 8E2,3,Wants to know if this is compatible with the 2023 model.
ORD-50384,2024-03-31,2024-04-03,CUST-10001,Owen Fitzgerald,owen.fitzgerald@example.com,B1,SKU-1807,,2,14.04,0,28.08,,In-Store,Credit Card,Pending,US,PA,42339,4,
ORD-50260,2025-04-14,2025-04-15,CUST-10105,Leila Haddad,lhaddad@testmail.org,C3,SKU-1932,apparel,1,894.47,0,894.47,USD,In-Store,apple_pay,completed,U.S.,PA,21941,4,"Very happy with the product, left 5 star review."
ORD-50224,2024-08-04 05:05:00,2024-08-07,CUST-10152,Elena Iyer,elena81@mailinator.com,A1,SKU-1404,Electronic,3,890.0,,2670.0,usd,In-Store,gift_card,Pending,U.S.,Fl,63096,,"Asked about warranty length, unclear on product page."
ORD-50447,2024-02-06,2024-02-09,CUST-10119,Amara Alvarez,aalvarez@testmail.org,C1,SKU-1702, Home & Kitchen ,1,10.62,,10.62,USD,mobile_app,,canceled,US,Fl,90295,4,
ORD-50194,11/05/2024,2024-11-10,CUST-10236,Leila Sharma,LEILA.SHARMA@EXAMPLE.COM,C1,SKU-1978,Pets,3,18.79,0,56.37,USD,Web,,pending,U.S.,NJ,47707,4,Third return this quarter from this customer.
ORD-50817,04/06/2025,2025-04-15,CUST-10321,Ethan Muller,ETHAN.MULLER@EXAMPLE.COM,C1,SKU-1365,Groceries,3,122.44,0,367.32,USD,store,gift_card,Returned,us,new york,48462,1,"Customer says price was lower yesterday, asked for price match."
ORD-50489,08/13/2024,2024-08-14,CUST-10338,Jonas Singh,jonas93@mailinator.com,C3,SKU-1780,Outdoor,1,49.29,5%,49.29,USD,store,debit_card,returned,U.S.,WA,90779,1,"Address correction after dispatch, carrier redirect fee applied."
ORD-50373,06/04/2024,2024-06-06,CUST-10067,Lucas Iyer,LUCAS.IYER@EXAMPLE.COM,X9,SKU-1524,GROCERY,4,13.26,,53.04,USD,In-Store,debit_card,Completed,United States,NY,44638,10,"Called to cancel, was already shipped. Return label sent."
ORD-50327,02/04/2024,2024-02-05,CUST-10318,Lucas Iyer,lucas19@mailinator.com,C3,SKU-1407,,1,24.32,,24.32,USD,mobile app,PayPal,COMPLETED,US,GA,56890,4,"Bulk order for office, asked about corporate account pricing."
ORD-50245,07/17/2024,2024-07-20,CUST-10310,Fatima Laurent,FATIMA.LAURENT@EXAMPLE.COM,A2,SKU-1130,Apparel,1,880.32,5%,880.32,USD,mobile_app,Gift Card,Pending,us,NJ,45956,3,"Customer called twice about delayed shipment, agent waived shipping fee."
ORD-51109,03/20/2025,2025-03-23,CUST-10215,Felix Tanaka,ftanaka@testmail.org,C1,SKU-1506,ELECTRONICS,3,932.25,0.15,2796.75,CAD,Mobile App,apple_pay,Returned,Canada,ON,V9E 4B9,5,"Asked about warranty length, unclear on product page."
ORD-50174,01/13/2024,2024-01-16,CUST-10301,Fatima Costa,FATIMA.COSTA@EXAMPLE.COM,A1,SKU-1024,grocery,2,933.21,0.0,1866.42,USD,marketplace,,shipped,CA,ON,P2H 2A3,4,
ORD-50984,2024-11-13,2024-11-14,CUST-10080,Yuki Nakamura,ynakamura@testmail.org,,SKU-1004,,2,56.07,0.15,112.14,USD,web,CC,returned,United States,new york,73919,4,Wants to know if this is compatible with the 2023 model.
ORD-50123,09-10-2024,2024-10-11,CUST-10017,,sofia.lindqvist@example.com,A2,SKU-1562,grocery,2,815.58,0,1631.16,CAD,marketplace,paypal,cancelled,CA,BC,M4G 4E7,5,"Loyalty points not applied at checkout, manual credit issued."
ORD-50643,04-11-2024,2024-11-05,CUST-10247,Diego Kowalski,diego.kowalski@example.com,A2,SKU-1506,grocery,3,13.95,,41.85,USD,mobile_app,Credit Card,shipped,USA,CA,59556,5,Payment declined twice before going through.
ORD-50886,2025-05-22,2025-05-27,CUST-10289,Ravi Ferreira,RAVI.FERREIRA@EXAMPLE.COM,A1,SKU-1324,,1,46.1,,46.1,USD,Mobile App,Credit Card,canceled,USA,WA,24334,,Asked to split delivery across two addresses - not supported.
ORD-50684,2025-04-28 05:26:00,2025-05-03,CUST-10224,Marcus Novak,mnovak@testmail.org,C3,SKU-1909,Outdoors,1,227.58,0,227.58,USD,Mobile App,Debit,Shipped,US,new york,43038,3,"Asked about warranty length, unclear on product page."
ORD-50963,10-04-2024,2024-04-11,CUST-10196,Noah Kowalski,nkowalski@testmail.org,X9,SKU-1455,BEAUTY,2,89.77,0.15,179.54,USD,mobile_app,PayPal,canceled,USA,NJ,41477,4,Payment declined twice before going through.
ORD-50596,03/04/2024,2024-03-09,CUST-10126,Fatima Tanaka,ftanaka@testmail.org,B2,SKU-1420,PET SUPPLIES,5,9.69,5%,48.45,CAD,Web,Gift Card,Returned,CA,ontario,M6C 1E8,1,"Customer called twice about delayed shipment, agent waived shipping fee."
ORD-50826,03/26/2024,2024-03-29,CUST-10000,Camille Bergman,cbergman@testmail.org,,SKU-1538, Electronics,3,21.92,0,65.76,USD,mobile app,debit_card,Completed,U.S.,WA,27565,,"Customer called twice about delayed shipment, agent waived shipping fee."
ORD-50059,2024-05-21,2024-05-23,CUST-10302,Chloe Muller,chloe84@mailinator.com,B1,SKU-1568,home & kitchen,1,23.07,5%,23.07,CAD,WEB,paypal,canceled,CAN,B.C.,P1J 6A8,3,Asked to split delivery across two addresses - not supported.
ORD-50957,2024-10-10 09:06:00,2024-10-13,CUST-10288,Kai Nasser,knasser@testmail.org,C1,SKU-1634,Pets,10,250.23,0,2502.3,USD,Marketplace,debit_card,returned,U.S.,MA,94422,4,"Called to cancel, was already shipped. Return label sent."
ORD-50380,2024-05-26,2024-05-29,CUST-10181,Kai Dubois,kai.dubois@example.com,C3,SKU-1182,,1,15.61,0,15.61,usd,In-Store,,cancelled,USA,new york,65584,3,"Order placed in store but shipped to home, tracking confusion."
ORD-50064,02/19/2024,2024-02-24,CUST-10253,Liang Fitzgerald,lfitzgerald@testmail.org,,SKU-1000,ELECTRONICS,4,45.43,0,181.72,USD,WEB,,Shipped,canada,NS,L5A 6C2,4,
ORD-50839,2024-09-28,2024-09-29,CUST-10336,Ethan Weber,,C1,SKU-1930,grocery,10,32.97,0.0,329.7,cad,web,Debit,Returned,CA,B.C.,V2J 1A5,5,"Address correction after dispatch, carrier redirect fee applied."
ORD-50375,08/26/2024,2024-08-28,CUST-10042,Amara Costa,,X9,SKU-1892,,1,90.66,0.15,90.66,CAD,in store,gift_card,returned,canada,Quebec,N6H 4C8,5,Wants sustainable packaging option in future.
ORD-50704,"Sep 27, 2024",2024-09-28,CUST-10178,Marcus Okafor,mokafor@testmail.org,A2,SKU-1625,Clothing,4,65.62,,262.48,CAD,In-Store,gift_card,COMPLETED,CAN,ontario,K5J 5A1,2,Third return this quarter from this customer.
ORD-50046,2024-12-11 08:48:00,,CUST-10213,Fatima Okafor,fokafor@testmail.org,C3,SKU-1173,electronics,1,23.42,10%,23.42,USD,WEB,Gift Card,pending,United States,NJ,17698,5,Wants to know if this is compatible with the 2023 model.
ORD-50699,2024-04-28,2024-04-30,CUST-10044,Hugo Laurent,hugo39@mailinator.com,B2,SKU-1482,Pet supplies,4,56.86,10%,227.44,USD,WEB,Gift Card,Returned,USA,MA,65289,n/a,
ORD-50430,2024-01-25,2024-02-03,CUST-10293,Fatima Nakamura,fnakamura@testmail.org,C1,SKU-1367,Grocery,10,942.94,0.15,9429.4,USD,mobile_app,Debit,canceled,US,FL,16265,4,
ORD-51081,2024-05-11,2024-05-12,CUST-10319,Aisha Iyer,aisha73@mailinator.com,B2,SKU-1514,beauty,5,60.55,0,302.75,CAD,Web,Debit,Returned,canada,AB,M9A 3G9,10,Item arrived damaged - box crushed. Replacement sent no charge.
ORD-50968,"Aug 09, 2024",2024-08-11,CUST-10096,Sofia Novak,snovak@testmail.org,C1,SKU-1882,Outdoor,2,18.22,0,36.44,USD,store,,COMPLETED,us,CA,31733,1,Wants to know if this is compatible with the 2023 model.
ORD-50552,11/21/2024,2024-11-24,CUST-10084,Andre Haddad,andre.haddad@example.com,A2,SKU-1912,Pet Supplies,1,17.99,0,17.99,USD,Mobile App,apple_pay,completed,canada,AB,V3J 6A3,,Return window question - purchased as holiday gift.
ORD-50760,2024-08-04,2024-08-07,CUST-10126,Fatima Tanaka,ftanaka@testmail.org,B1,SKU-1752,BEAUTY,5,250.45,,1252.25,CAD,In-Store,apple_pay,pending,canada,Quebec,M2G 1J9,4,
ORD-50915,2024-12-16 03:28:00,2024-12-17,CUST-10300,Owen Lindqvist,owen.lindqvist@example.com,A2,SKU-1644,Outdoor,1,36.02,10%,36.02,USD,Mobile App,gift_card,Cancelled,CAN,BC,L2J 3H4,4,Item arrived damaged - box crushed. Replacement sent no charge.
ORD-50658,2024-05-24,2024-05-25,CUST-10221,Elena Weber,elena.weber@example.com,X9,SKU-1885,GROCERY,1,13.48,0,13.48,usd,store,debit_card,cancelled,us,NY,86329,4,Third return this quarter from this customer.
ORD-50440,2024-04-03,2024-04-05,CUST-10206,Leila Sharma,leila56@mailinator.com,B2,SKU-1289,HOME & KITCHEN,1,94.53,5%,94.53,usd,mobile_app,Debit,pending,us,CA,65878,4,Asked to split delivery across two addresses - not supported.
ORD-50515,2025-01-23,2025-01-25,CUST-10159,Elena Sharma,esharma@testmail.org,C1,SKU-1756,OUTDOOR,1,13.21,0,13.21,USD,Mobile App,paypal,COMPLETED,USA,california,22199,,Wants sustainable packaging option in future.
ORD-50539,20-06-2025,2025-06-22,CUST-10005,Tomas Doyle,TOMAS.DOYLE@EXAMPLE.COM,A2,SKU-1983,apparel,3,10.16,10%,30.48,USD,web,apple_pay,pending,United States,CA,38010,4,"Asked about warranty length, unclear on product page."
ORD-50178,2025-04-05,2025-04-07,CUST-10097,Priya Nakamura,priya.nakamura@example.com,,SKU-1962,Apparel,1,236.91,0.15,236.91,USD,WEB,apple_pay,shipped,us,new york,19441,1,"Duplicate order - customer clicked submit twice, refunded one."
ORD-50874,2025-06-14,,CUST-10196,Noah Kowalski,nkowalski@testmail.org,A1,SKU-1548,beauty,1,14.9,0,14.9,USD,WEB,credit_card,pending,US,TX,69857,5,"Customer says price was lower yesterday, asked for price match."
ORD-50044,2024-02-10 02:12:00,2024-02-13,CUST-10169,Leila Sharma,leila91@mailinator.com,C3,SKU-1310,Pet Supplies,5,,10%,,USD,mobile_app,Credit Card,Pending,USA,NY,72773,,"Asked about warranty length, unclear on product page."
ORD-50483,2024-05-29 21:08:00,2024-05-30,CUST-10109,Camille Tanaka,CAMILLE.TANAKA@EXAMPLE.COM,A2,SKU-1579,Apparel ,2,22.08,0.15,53.04,usd,store,,cancelled,us,Fl,39536,,Product missing accessory listed on the page.
ORD-50402,2025-06-07,2025-06-12,CUST-10224,Marcus Novak,mnovak@testmail.org,A2,SKU-1739,Beauty,1,63.93,0,63.93,USD,mobile app,CC,shipped,US,MA,73254,3,"Requested gift wrap, was not applied. Customer upset."
ORD-51061,2024-03-13,2024-03-15,CUST-10225,Ravi Costa,rcosta@testmail.org,C3,SKU-1610,Pets,1,13.31,5%,17.05,usd,mobile_app,paypal,Returned,us,MA,64008,3,"Bulk order for office, asked about corporate account pricing."
ORD-50414,2024-06-11 16:54:00,2024-06-14,CUST-10251,Mateo Okafor,MATEO.OKAFOR@EXAMPLE.COM,A2,SKU-1785,Electronic,1,15.18,5%,15.18,USD,In-Store,gift_card,Pending,us,Texas,29949,5,Wants to know if this is compatible with the 2023 model.
ORD-50961,2024-04-30,2024-05-01,CUST-10185,Elena Haddad,ELENA.HADDAD@EXAMPLE.COM,,SKU-1001,Outdoor,2,54.52,0.15,109.04,,Mobile App,PayPal,Returned,us,Texas,68273,5,"Requested gift wrap, was not applied. Customer upset."
